-- phpMyAdmin SQL Dump
-- version 3.5.2
-- http://www.phpmyadmin.net
--
-- Host: localhost
-- Generation Time: Dec 06, 2017 at 02:03 AM
-- Server version: 5.5.25a
-- PHP Version: 5.5.23

SET SQL_MODE="NO_AUTO_VALUE_ON_ZERO";
SET time_zone = "+00:00";


/*!40101 SET @OLD_CHARACTER_SET_CLIENT=@@CHARACTER_SET_CLIENT */;
/*!40101 SET @OLD_CHARACTER_SET_RESULTS=@@CHARACTER_SET_RESULTS */;
/*!40101 SET @OLD_COLLATION_CONNECTION=@@COLLATION_CONNECTION */;
/*!40101 SET NAMES utf8 */;

--
-- Database: `sprintdesigndb`
--

-- --------------------------------------------------------

--
-- Table structure for table `categories`
--

DROP TABLE IF EXISTS `categories`;
CREATE TABLE IF NOT EXISTS `categories` (
  `id` int(11) NOT NULL AUTO_INCREMENT,
  `category_name` varchar(255) COLLATE utf8_unicode_ci NOT NULL,
  `category_image` varchar(350) COLLATE utf8_unicode_ci NOT NULL,
  PRIMARY KEY (`id`)
) ENGINE=InnoDB  DEFAULT CHARSET=utf8 COLLATE=utf8_unicode_ci AUTO_INCREMENT=13 ;

--
-- Dumping data for table `categories`
--

INSERT INTO `categories` (`id`, `category_name`, `category_image`) VALUES
(1, 'Shoe', 'IMAG0864.JPG'),
(3, 'Watch', 'gadgets.jpg'),
(4, 'Squid', 'gadgets.jpg'),
(5, 'TestxxTest', 'IMAG0864.JPG'),
(8, 'Test11111Tesn', 'gadgets.jpg'),
(10, 'Test222', 'gadgets.jpg'),
(11, 'Test3', 'Tulips.jpg'),
(12, 'Again', 'IMAG0864.JPG');

-- --------------------------------------------------------

--
-- Table structure for table `messages`
--

DROP TABLE IF EXISTS `messages`;
CREATE TABLE IF NOT EXISTS `messages` (
  `id` int(11) NOT NULL AUTO_INCREMENT,
  `thankyou_message` varchar(350) COLLATE utf8_unicode_ci NOT NULL,
  `note_message` varchar(350) COLLATE utf8_unicode_ci NOT NULL,
  `purchase_message` varchar(350) COLLATE utf8_unicode_ci NOT NULL,
  PRIMARY KEY (`id`)
) ENGINE=InnoDB  DEFAULT CHARSET=utf8 COLLATE=utf8_unicode_ci AUTO_INCREMENT=2 ;

--
-- Dumping data for table `messages`
--

INSERT INTO `messages` (`id`, `thankyou_message`, `note_message`, `purchase_message`) VALUES
(1, 'Thank you for purchasing. For faster transaction please contact us at <span>09221234562</span>', '<span class="note-highlight">Note</span>: For check payment in favor of SD Online Store. After payment, please email a scanned image of your deposit slip to <span class="note-contact">sd.onlinestore@gmail.com</span> or text the following details to <span class="note-contact">09221234562 (globe)</span>', 'Lorem Ipsum is simply dummy text of the printing and typesetting industry. Lorem Ipsum has been the industry''s standard dummy text ever since the 1500s, when an unknown printer took a galley of type and scrambled it to make a type specimen book. It has survived not only five centuries, but also the leap into electronic typesetting, remaining essent');

-- --------------------------------------------------------

--
-- Table structure for table `orderinfo`
--

DROP TABLE IF EXISTS `orderinfo`;
CREATE TABLE IF NOT EXISTS `orderinfo` (
  `id` int(11) NOT NULL AUTO_INCREMENT,
  `email` varchar(50) COLLATE utf8_unicode_ci NOT NULL,
  `cust_name` varchar(40) COLLATE utf8_unicode_ci NOT NULL,
  `cust_address` varchar(100) COLLATE utf8_unicode_ci NOT NULL,
  `cust_number` int(11) NOT NULL,
  `mode_payment` varchar(20) COLLATE utf8_unicode_ci NOT NULL,
  `quantity` int(11) NOT NULL,
  `color` varchar(100) COLLATE utf8_unicode_ci NOT NULL,
  `size` varchar(20) COLLATE utf8_unicode_ci NOT NULL,
  `prodname` varchar(50) COLLATE utf8_unicode_ci NOT NULL,
  `price` float NOT NULL,
  `purchase_date` datetime NOT NULL,
  PRIMARY KEY (`id`)
) ENGINE=InnoDB  DEFAULT CHARSET=utf8 COLLATE=utf8_unicode_ci AUTO_INCREMENT=23 ;

--
-- Dumping data for table `orderinfo`
--

INSERT INTO `orderinfo` (`id`, `email`, `cust_name`, `cust_address`, `cust_number`, `mode_payment`, `quantity`, `color`, `size`, `prodname`, `price`, `purchase_date`) VALUES
(1, 'adwads@gmail.com', 'Lebron James', 'wqewqeqw', 123214, 'cash', 2, 'red', '7', 'Vans Checkerboard Slip On', 51, '0000-00-00 00:00:00'),
(2, 'asdwa@yaga.com', 'Derick Rose', 'df', 12, 'cash', 4, 'fushia', '9', 'Nike Stefan Janoski', 60, '0000-00-00 00:00:00'),
(3, 'adwads@gmail.com', 'Kevin Love', 'sa', 23, 'credit', 3, 'red', '8', 'New Balance 996', 80, '0000-00-00 00:00:00'),
(4, 'adwads@gmail.com', 'Andrew Wiggins', 'sa', 23, 'credit', 1, 'red', '7', 'Vans Old Skool', 59, '0000-00-00 00:00:00'),
(5, 'adwads@gmail.com', 'Russel Westbrook', 'sdf', 123, 'credit', 4, 'red', '6', 'Lebron 12', 70, '0000-00-00 00:00:00'),
(6, 'adwads@gmail.com', 'Paul George', 'sdf', 123, 'credit', 2, 'red', '6', 'Vans Checkerboard Slip On', 51, '0000-00-00 00:00:00'),
(7, 'adwads@gmail.com', 'Carmelo Anthony', 'sdf', 123, 'credit', 1, 'red', '6', 'Vans Checkerboard Slip On', 51, '0000-00-00 00:00:00'),
(9, 'lark@gmail.com', 'Steph Curry', 'sdagf', 1246, 'cash', 4, 'blue', '8', 'Vans Era', 40, '0000-00-00 00:00:00'),
(11, 'karl.ricamara@hotmail.com', 'Kobe Bryant', 'fdgdf', 2134, 'credit', 6, 'red', '6', 'Vans Authentic', 45, '0000-00-00 00:00:00'),
(12, 'karl.ricamara@hotmail.com', 'Lonzo Ball', 'fdgsgsd', 123123, 'credit', 2, 'red', '6', 'Vans Checkerboard Slip On', 51, '0000-00-00 00:00:00'),
(13, 'karlricamara.ojt1707148@gmail.com', 'Kevin Durant', 'San Pedro Laguna', 213034, 'cash', 2, 'blue', '8', 'Vans Era', 40, '0000-00-00 00:00:00'),
(14, 'karlricamara.ojt1707148@gmail.com', 'Karl Ricamara', 'San Pedro Laguna', 213034, 'cash', 2, 'blue', '8', 'Vans Checkerboard Slip On', 51, '0000-00-00 00:00:00'),
(15, 'karlricamara.ojt1707148@gmail.com', 'Brandon Ingram', 'San Pedro Laguna', 213034, 'cash', 2, 'blue', '8', 'Vans Old Skool', 59, '0000-00-00 00:00:00'),
(17, 'karlricamara.ojt1707148@gmail.com', 'Damian Lilliard', 'San Pedro Laguna', 2147483647, 'credit', 2, 'red', '8', 'Vans Checkerboard Slip On', 51, '0000-00-00 00:00:00'),
(18, 'karlricamara.ojt1707148@gmail.com', 'John Wall', 'San Pedro Laguna', 2147483647, 'credit', 2, 'red', '8', 'Vans Checkerboard Slip On', 51, '0000-00-00 00:00:00'),
(19, 'karlricamara.ojt1707148@gmail.com', 'Jordan Clarkson', 'San Pedro Laguna', 2147483647, 'credit', 2, 'red', '8', 'Vans Checkerboard Slip On', 51, '0000-00-00 00:00:00'),
(20, 'karlricamara.ojt1707148@gmail.com', 'Michael Jordan', 'San Pedro Laguna', 2147483647, 'credit', 2, 'red', '8', 'Vans Checkerboard Slip On', 51, '0000-00-00 00:00:00'),
(21, 'karlricamara.ojt1707148@gmail.com', 'Kyrie Irving', 'Boston', 786943, 'cash', 1, 'camo', '8', 'Vans Old Skool', 59, '0000-00-00 00:00:00'),
(22, 'bryann.revina@gmail.com', 'bryanTEST', 'Address', 4545, 'cash', 6, 'red', '6', '', 0, '0000-00-00 00:00:00');

-- --------------------------------------------------------

--
-- Table structure for table `orders`
--

DROP TABLE IF EXISTS `orders`;
CREATE TABLE IF NOT EXISTS `orders` (
  `id` int(11) NOT NULL AUTO_INCREMENT,
  `product_id` int(11) NOT NULL,
  `email` varchar(50) COLLATE utf8_unicode_ci NOT NULL,
  `cust_name` varchar(40) COLLATE utf8_unicode_ci NOT NULL,
  `cust_address` varchar(100) COLLATE utf8_unicode_ci NOT NULL,
  `cust_number` int(11) NOT NULL,
  `mode_payment` varchar(20) COLLATE utf8_unicode_ci NOT NULL,
  `quantity` int(11) NOT NULL,
  `color` varchar(100) COLLATE utf8_unicode_ci NOT NULL,
  `size` varchar(20) COLLATE utf8_unicode_ci NOT NULL,
  `prodname` varchar(50) COLLATE utf8_unicode_ci NOT NULL,
  `price` float NOT NULL,
  `status` varchar(30) COLLATE utf8_unicode_ci NOT NULL,
  `purchase_date` datetime NOT NULL,
  PRIMARY KEY (`id`)
) ENGINE=InnoDB  DEFAULT CHARSET=utf8 COLLATE=utf8_unicode_ci AUTO_INCREMENT=27 ;

--
-- Dumping data for table `orders`
--

INSERT INTO `orders` (`id`, `product_id`, `email`, `cust_name`, `cust_address`, `cust_number`, `mode_payment`, `quantity`, `color`, `size`, `prodname`, `price`, `status`, `purchase_date`) VALUES
(2, 1, 'asdwa@yaga.com', 'Derick Rose', 'df', 12, 'cash', 4, 'fushia', '9', 'Nike Stefan Janoski', 60, 'PENDING', '0000-00-00 00:00:00'),
(3, 2, 'adwads@gmail.com', 'Kevin Love', 'sa', 23, 'credit', 3, 'red', '8', 'New Balance 996', 80, 'HOLD', '0000-00-00 00:00:00'),
(4, 1, 'adwads@gmail.com', 'Andrew Wiggins', 'sa', 23, 'credit', 1, 'red', '7', 'Vans Old Skool', 59, '', '0000-00-00 00:00:00'),
(5, 3, 'adwads@gmail.com', 'Russel Westbrook', 'sdf', 123, 'credit', 4, 'red', '6', 'Lebron 12', 70, '', '0000-00-00 00:00:00'),
(6, 1, 'adwads@gmail.com', 'Paul George', 'sdf', 123, 'credit', 2, 'red', '6', 'Vans Checkerboard Slip On', 51, '', '0000-00-00 00:00:00'),
(7, 1, 'adwads@gmail.com', 'Carmelo Anthony', 'sdf', 123, 'credit', 1, 'red', '6', 'Vans Checkerboard Slip On', 51, '', '0000-00-00 00:00:00'),
(9, 2, 'lark@gmail.com', 'Steph Curry', 'sdagf', 1246, 'cash', 4, 'blue', '8', 'Vans Era', 40, '', '0000-00-00 00:00:00'),
(11, 3, 'karl.ricamara@hotmail.com', 'Kobe Bryant', 'fdgdf', 2134, 'credit', 6, 'red', '6', 'Vans Authentic', 45, '', '0000-00-00 00:00:00'),
(12, 1, 'karl.ricamara@hotmail.com', 'Lonzo Ball', 'fdgsgsd', 123123, 'credit', 2, 'red', '6', 'Vans Checkerboard Slip On', 51, '', '0000-00-00 00:00:00'),
(13, 3, 'karlricamara.ojt1707148@gmail.com', 'Kevin Durant', 'San Pedro Laguna', 213034, 'cash', 2, 'blue', '8', 'Vans Era', 40, '', '0000-00-00 00:00:00'),
(14, 1, 'karlricamara.ojt1707148@gmail.com', 'Karl Ricamara', 'San Pedro Laguna', 213034, 'cash', 2, 'blue', '8', 'Vans Checkerboard Slip On', 51, '', '0000-00-00 00:00:00'),
(15, 3, 'karlricamara.ojt1707148@gmail.com', 'Brandon Ingram', 'San Pedro Laguna', 213034, 'cash', 2, 'blue', '8', 'Vans Old Skool', 59, '', '0000-00-00 00:00:00'),
(17, 1, 'karlricamara.ojt1707148@gmail.com', 'Damian Lilliard', 'San Pedro Laguna', 2147483647, 'credit', 2, 'red', '8', 'Vans Checkerboard Slip On', 51, '', '0000-00-00 00:00:00'),
(18, 1, 'karlricamara.ojt1707148@gmail.com', 'John Wall', 'San Pedro Laguna', 2147483647, 'credit', 2, 'red', '8', 'Vans Checkerboard Slip On', 51, '', '0000-00-00 00:00:00'),
(19, 1, 'karlricamara.ojt1707148@gmail.com', 'Jordan Clarkson', 'San Pedro Laguna', 2147483647, 'credit', 2, 'red', '8', 'Vans Checkerboard Slip On', 51, '', '0000-00-00 00:00:00'),
(20, 1, 'karlricamara.ojt1707148@gmail.com', 'Michael Jordan', 'San Pedro Laguna', 2147483647, 'credit', 2, 'red', '8', 'Vans Checkerboard Slip On', 51, '', '0000-00-00 00:00:00'),
(21, 1, 'karlricamara.ojt1707148@gmail.com', 'Kyrie Irving', 'Boston', 786943, 'cash', 1, 'camo', '8', 'Vans Old Skool', 59, '', '0000-00-00 00:00:00'),
(22, 0, 'bryann.revina@gmail.com', 'bryanTEST', 'Address', 4545, 'cash', 6, 'red', '6', '', 0, '', '0000-00-00 00:00:00'),
(23, 2, 'dennise@testadd.com', 'DenniseXX', 'This is my addressxx', 5118245, 'Cash', 1, 'black', '7', 'Vans Old Skool2', 65, 'Pending', '2017-11-28 11:34:29'),
(24, 1, 'bryann.revina@gmail.com', 'BryannTEST', 'This is my address sample', 5114882, 'money_or_bank_deposi', 100, 'red,fushia,blue,yellow', '6,7,8,9', 'Vans Checkerboard Slip On', 51, 'PENDING', '2017-11-29 16:28:24'),
(25, 1, 'bryTest@gmail.com', 'B!!!!', 'This is address', 434, 'money_or_bank_deposi', 2, 'red,fushia,blue,yellow', '6,7,8,9', 'Vans Checkerboard Slip On', 51, 'PENDING', '2017-12-01 11:24:15'),
(26, 2, 'bryann.revina@gmail.com', 'Bryann B1', 'This is the address testing', 5114872, 'money_or_bank_deposi', 2, 'black,blue,red,camo', '7,8,9,10', 'Vans Old Skool2', 65, 'PENDING', '2017-12-01 16:45:48');

-- --------------------------------------------------------

--
-- Table structure for table `photos`
--

DROP TABLE IF EXISTS `photos`;
CREATE TABLE IF NOT EXISTS `photos` (
  `id` int(11) NOT NULL AUTO_INCREMENT,
  `image` varchar(255) COLLATE utf8_unicode_ci DEFAULT NULL,
  `prodid` int(11) DEFAULT NULL,
  `product_id` int(11) NOT NULL,
  `label` varchar(150) COLLATE utf8_unicode_ci NOT NULL,
  `is_default` varchar(20) COLLATE utf8_unicode_ci NOT NULL COMMENT 'Yes or No',
  PRIMARY KEY (`id`),
  KEY `prodid` (`prodid`)
) ENGINE=InnoDB  DEFAULT CHARSET=utf8 COLLATE=utf8_unicode_ci AUTO_INCREMENT=12 ;

--
-- Dumping data for table `photos`
--

INSERT INTO `photos` (`id`, `image`, `prodid`, `product_id`, `label`, `is_default`) VALUES
(1, 'gadgets.jpg', 1, 1, 'My Lighthouse', ''),
(2, 'Koala.jpg', 1, 1, 'My Koala', 'Yes'),
(3, 'Lighthouse.jpg', 1, 3, '', 'Yes'),
(4, 'gadgets.jpg', 2, 2, '', 'Yes'),
(5, 'gadgets.jpg', 2, 2, '', ''),
(6, 'gadgets.jpg', 2, 2, '', ''),
(8, 'IMAG0864.JPG', NULL, 1, '', ''),
(10, 'Jellyfish.jpg', NULL, 11, '', 'Yes'),
(11, 'Tulips.jpg', NULL, 1, '', '');

-- --------------------------------------------------------

--
-- Table structure for table `products`
--

DROP TABLE IF EXISTS `products`;
CREATE TABLE IF NOT EXISTS `products` (
  `id` int(11) NOT NULL AUTO_INCREMENT,
  `name` varchar(255) COLLATE utf8_unicode_ci DEFAULT NULL,
  `description` longtext COLLATE utf8_unicode_ci,
  `price` double DEFAULT NULL,
  `image` varchar(255) COLLATE utf8_unicode_ci DEFAULT NULL,
  `categoryid` int(11) DEFAULT NULL,
  `quantity` int(11) NOT NULL,
  `color` varchar(100) COLLATE utf8_unicode_ci NOT NULL,
  `size` varchar(20) COLLATE utf8_unicode_ci NOT NULL,
  `status` varchar(20) COLLATE utf8_unicode_ci NOT NULL,
  PRIMARY KEY (`id`),
  KEY `categoryid` (`categoryid`)
) ENGINE=InnoDB  DEFAULT CHARSET=utf8 COLLATE=utf8_unicode_ci AUTO_INCREMENT=12 ;

--
-- Dumping data for table `products`
--

INSERT INTO `products` (`id`, `name`, `description`, `price`, `image`, `categoryid`, `quantity`, `color`, `size`, `status`) VALUES
(1, 'Vans Checkerboard Slip On', 'The Classic Slip-On has a low profile, slip-on canvas upper with all-over checker print, elastic side accents, Vans flag label and Vans original Waffle Outsole.', 51, 'shopbag.png', 1, 6, 'red,fushia,blue,yellow', '6,7,8,9', 'Published'),
(2, 'Vans Old Skool2', 'hy', 65, 'oldskool.jpg', 1, 7, 'black,blue,red,camo', '7,8,9,10', 'Published'),
(3, 'Vans Old Skool', 'asdawa', 124, 'authentic.jpg', 1, 5, 'red,black,blue,yellow', '7,8,9,10', 'Published'),
(5, 'Test Update', 'This is only a test message for updating function', 20, 'shopbag.png', 4, 5, 'Red', '15', 'Not Published'),
(6, 'TestUpdatexxx', 'TestUP', 6, 'Desert.jpg', 3, 6, 'Red', '6', 'Published'),
(7, 'Pony Hi-Cut', 'This is hi cut shoes', 50, NULL, 1, 5, 'Black', '15', 'Published'),
(8, 'Test333', 'Test', 590, NULL, 1, 50, 'Red', '45', 'Published'),
(9, 'TEST5555', 'Test', 600, NULL, 3, 20, 'White', '50', 'Not Published'),
(10, 'Add Again', 'Test', 1, NULL, 3, 1, 'Red', '1', 'Published'),
(11, 'TestWithImages', 'This is description', 50, NULL, 1, 2, 'Red', '15', 'Published');

-- --------------------------------------------------------

--
-- Table structure for table `sd_column`
--

DROP TABLE IF EXISTS `sd_column`;
CREATE TABLE IF NOT EXISTS `sd_column` (
  `id` int(6) unsigned NOT NULL AUTO_INCREMENT,
  `title` varchar(45) COLLATE utf16_unicode_ci DEFAULT NULL,
  `file` varchar(45) COLLATE utf16_unicode_ci DEFAULT NULL,
  `class_img` varchar(45) COLLATE utf16_unicode_ci DEFAULT NULL,
  `theme_id` int(6) DEFAULT NULL,
  PRIMARY KEY (`id`)
) ENGINE=InnoDB  DEFAULT CHARSET=utf16 COLLATE=utf16_unicode_ci AUTO_INCREMENT=31 ;

--
-- Dumping data for table `sd_column`
--

INSERT INTO `sd_column` (`id`, `title`, `file`, `class_img`, `theme_id`) VALUES
(1, 'Main Banner', 'main-banner.php', '', 1),
(2, 'Booking Form', 'booking-form.php', '', 1),
(3, 'Contact Form', 'contact-form.php', '', 1),
(4, 'Main Banner', 'main-banner.php', '', 2),
(5, 'Booking Form', 'booking-form.php', '', 2),
(6, 'Contact Form', 'contact-form.php', '', 2),
(7, 'Banner', 'banner.php', '', 3),
(8, 'Contact Form', 'contact-form.php', '', 3),
(9, 'Banner', 'banner.php', '', 4),
(10, 'Contact Form', 'contact-form.php', '', 4),
(11, 'Packages', 'packages.php', '', 4),
(12, 'Banner', 'banner.php', '', 5),
(13, 'Welcome', 'welcome.php', '', 5),
(14, 'Photos', 'photos.php', '', 5),
(15, 'Contact Form', 'contact-form.php', '', 5),
(16, 'Main Banner', 'main-banner.php', '', 6),
(17, 'Booking Form', 'booking-form.php', '', 6),
(18, 'Contact Form', 'contact-form.php', '', 6),
(19, 'Banner', 'banner.php', '', 7),
(20, 'Welcome', 'welcome.php', '', 7),
(21, 'Photos', 'photos.php', '', 7),
(22, 'Contact Form', 'contact-form.php', '', 7),
(23, 'Banner', 'banner.php', '', 8),
(24, 'Welcome', 'welcome.php', '', 8),
(25, 'Photos', 'photos.php', '', 8),
(26, 'Contact Form', 'contact-form.php', '', 8),
(27, 'Banner', 'banner.php', '', 9),
(28, 'Welcome', 'welcome.php', '', 9),
(29, 'Photos', 'photos.php', '', 9),
(30, 'Contact Form', 'contact-form.php', '', 9);

-- --------------------------------------------------------

--
-- Table structure for table `sd_forms`
--

DROP TABLE IF EXISTS `sd_forms`;
CREATE TABLE IF NOT EXISTS `sd_forms` (
  `id` int(6) unsigned NOT NULL AUTO_INCREMENT,
  `name` varchar(30) COLLATE utf16_unicode_ci DEFAULT NULL,
  `is_main` tinyint(1) DEFAULT NULL,
  `created_by` varchar(30) COLLATE utf16_unicode_ci DEFAULT NULL,
  `status` tinyint(1) DEFAULT NULL,
  `create_at` timestamp NOT NULL DEFAULT CURRENT_TIMESTAMP,
  `clone_from` int(6) DEFAULT NULL,
  PRIMARY KEY (`id`)
) ENGINE=InnoDB DEFAULT CHARSET=utf16 COLLATE=utf16_unicode_ci AUTO_INCREMENT=1 ;

-- --------------------------------------------------------

--
-- Table structure for table `sd_form_data`
--

DROP TABLE IF EXISTS `sd_form_data`;
CREATE TABLE IF NOT EXISTS `sd_form_data` (
  `id` int(6) unsigned NOT NULL AUTO_INCREMENT,
  `name` varchar(30) COLLATE utf16_unicode_ci DEFAULT NULL,
  `label` varchar(30) COLLATE utf16_unicode_ci DEFAULT NULL,
  `type` varchar(30) COLLATE utf16_unicode_ci DEFAULT NULL,
  `position` int(6) DEFAULT NULL,
  `form_id` int(6) DEFAULT NULL,
  `status` tinyint(1) DEFAULT NULL,
  `required` tinyint(1) DEFAULT NULL,
  `clone_from` int(6) DEFAULT NULL,
  PRIMARY KEY (`id`)
) ENGINE=InnoDB DEFAULT CHARSET=utf16 COLLATE=utf16_unicode_ci AUTO_INCREMENT=1 ;

-- --------------------------------------------------------

--
-- Table structure for table `sd_form_settings`
--

DROP TABLE IF EXISTS `sd_form_settings`;
CREATE TABLE IF NOT EXISTS `sd_form_settings` (
  `id` int(6) unsigned NOT NULL AUTO_INCREMENT,
  `to_email` text COLLATE utf16_unicode_ci,
  `from_email` text COLLATE utf16_unicode_ci,
  `subject` text COLLATE utf16_unicode_ci,
  `message` text COLLATE utf16_unicode_ci,
  `type` varchar(45) COLLATE utf16_unicode_ci DEFAULT NULL,
  `form_id` int(6) DEFAULT NULL,
  PRIMARY KEY (`id`)
) ENGINE=InnoDB DEFAULT CHARSET=utf16 COLLATE=utf16_unicode_ci AUTO_INCREMENT=1 ;

-- --------------------------------------------------------

--
-- Table structure for table `sd_gallery`
--

DROP TABLE IF EXISTS `sd_gallery`;
CREATE TABLE IF NOT EXISTS `sd_gallery` (
  `id` int(6) unsigned NOT NULL AUTO_INCREMENT,
  `image_data` text COLLATE utf16_unicode_ci NOT NULL,
  `create_at` timestamp NOT NULL DEFAULT CURRENT_TIMESTAMP,
  PRIMARY KEY (`id`)
) ENGINE=InnoDB DEFAULT CHARSET=utf16 COLLATE=utf16_unicode_ci AUTO_INCREMENT=1 ;

-- --------------------------------------------------------

--
-- Table structure for table `sd_header`
--

DROP TABLE IF EXISTS `sd_header`;
CREATE TABLE IF NOT EXISTS `sd_header` (
  `id` int(6) unsigned NOT NULL AUTO_INCREMENT,
  `page_logo` text COLLATE utf16_unicode_ci,
  `page_top_right` text COLLATE utf16_unicode_ci,
  `page_bottom_right` text COLLATE utf16_unicode_ci,
  `site_title` text COLLATE utf16_unicode_ci,
  PRIMARY KEY (`id`)
) ENGINE=InnoDB  DEFAULT CHARSET=utf16 COLLATE=utf16_unicode_ci AUTO_INCREMENT=2 ;

--
-- Dumping data for table `sd_header`
--

INSERT INTO `sd_header` (`id`, `page_logo`, `page_top_right`, `page_bottom_right`, `site_title`) VALUES
(1, '<img src="http://localhost/sprintdesign/sd-assets/images/logo.png">', '', '', 'logo');

-- --------------------------------------------------------

--
-- Table structure for table `sd_incs`
--

DROP TABLE IF EXISTS `sd_incs`;
CREATE TABLE IF NOT EXISTS `sd_incs` (
  `id` int(6) unsigned NOT NULL AUTO_INCREMENT,
  `name` varchar(30) COLLATE utf16_unicode_ci DEFAULT NULL,
  `type` varchar(30) COLLATE utf16_unicode_ci DEFAULT NULL,
  `banner` varchar(30) COLLATE utf16_unicode_ci DEFAULT NULL,
  `description` text COLLATE utf16_unicode_ci,
  `author` text COLLATE utf16_unicode_ci,
  `color` varchar(20) COLLATE utf16_unicode_ci DEFAULT NULL,
  `status` tinyint(1) DEFAULT NULL,
  PRIMARY KEY (`id`)
) ENGINE=InnoDB  DEFAULT CHARSET=utf16 COLLATE=utf16_unicode_ci AUTO_INCREMENT=10 ;

--
-- Dumping data for table `sd_incs`
--

INSERT INTO `sd_incs` (`id`, `name`, `type`, `banner`, `description`, `author`, `color`, `status`) VALUES
(1, 'Travel1', 'theme', 'base-image.jpg', 'Theme for travel and tour business', 'SprintDesigns Team', '', 0),
(2, 'Travel13', 'theme', 'base-image.jpg', 'Theme for travel and tour business', 'SprintDesigns Team', '', 0),
(3, 'Travel12', 'theme', 'base-image.jpg', 'Theme for travel and tour business', 'SprintDesigns Team', '', 0),
(4, 'Travel8', 'theme', 'base-image.jpg', 'Theme for travel and tour business', 'SprintDesigns Team', '', 0),
(5, 'Store4', 'theme', 'base-image.jpg', 'Theme for Online Stores', 'SprintDesigns Team', '', 0),
(6, 'Travel11', 'theme', 'base-image.jpg', 'Theme for travel and tour business', 'SprintDesigns Team', NULL, 0),
(7, 'Food8', 'theme', 'base-image.jpg', 'Theme for Food and Resto Industry', 'SprintDesigns Team', NULL, 0),
(8, 'Estate1', 'theme', 'base-image.jpg', 'Theme for Real Estate', 'SprintDesigns Team', '', 0),
(9, 'Store1', 'theme', 'base-image.jpg', 'Theme for Online Stores', 'SprintDesigns Team', NULL, 1);

-- --------------------------------------------------------

--
-- Table structure for table `sd_login`
--

DROP TABLE IF EXISTS `sd_login`;
CREATE TABLE IF NOT EXISTS `sd_login` (
  `id` int(6) unsigned NOT NULL AUTO_INCREMENT,
  `username` varchar(30) COLLATE utf16_unicode_ci DEFAULT NULL,
  `password` varchar(100) COLLATE utf16_unicode_ci DEFAULT NULL,
  `name` varchar(50) COLLATE utf16_unicode_ci DEFAULT NULL,
  `email` varchar(50) COLLATE utf16_unicode_ci DEFAULT NULL,
  PRIMARY KEY (`id`)
) ENGINE=InnoDB  DEFAULT CHARSET=utf16 COLLATE=utf16_unicode_ci AUTO_INCREMENT=2 ;

--
-- Dumping data for table `sd_login`
--

INSERT INTO `sd_login` (`id`, `username`, `password`, `name`, `email`) VALUES
(1, 'admin', 'bfd8G5ZeqXuw7FzFjGKONfvOJPYx-2KVvpiD681QpNg', 'sprintDesigns', 'bryann.revina@gmail.com');

-- --------------------------------------------------------

--
-- Table structure for table `sd_marketing`
--

DROP TABLE IF EXISTS `sd_marketing`;
CREATE TABLE IF NOT EXISTS `sd_marketing` (
  `id` int(6) unsigned NOT NULL AUTO_INCREMENT,
  `banner` text COLLATE utf16_unicode_ci,
  `title` varchar(30) COLLATE utf16_unicode_ci NOT NULL,
  `description` text COLLATE utf16_unicode_ci,
  `page_url` text COLLATE utf16_unicode_ci,
  PRIMARY KEY (`id`)
) ENGINE=InnoDB  DEFAULT CHARSET=utf16 COLLATE=utf16_unicode_ci AUTO_INCREMENT=11 ;

--
-- Dumping data for table `sd_marketing`
--

INSERT INTO `sd_marketing` (`id`, `banner`, `title`, `description`, `page_url`) VALUES
(1, '', 'banner 1', '', 'http://localhost/sprintdesign/home'),
(2, '', 'banner 2', '', 'http://localhost/sprintdesign/home'),
(3, '', 'banner 3', '', 'http://localhost/sprintdesign/home'),
(4, '', 'banner 4', '', 'http://localhost/sprintdesign/home'),
(5, '', 'banner 5', '', 'http://localhost/sprintdesign/home'),
(6, '', 'banner 6', '', 'http://localhost/sprintdesign/home'),
(7, '', 'banner 7', '', 'http://localhost/sprintdesign/home'),
(8, '', 'banner 8', '', 'http://localhost/sprintdesign/home'),
(9, '', 'banner 9', '', 'http://localhost/sprintdesign/home'),
(10, '', 'banner 10', '', 'http://localhost/sprintdesign/home');

-- --------------------------------------------------------

--
-- Table structure for table `sd_metadata`
--

DROP TABLE IF EXISTS `sd_metadata`;
CREATE TABLE IF NOT EXISTS `sd_metadata` (
  `id` int(6) unsigned NOT NULL AUTO_INCREMENT,
  `user_id` int(6) DEFAULT NULL,
  `data_id` int(6) DEFAULT NULL,
  `data_value` varchar(50) COLLATE utf16_unicode_ci DEFAULT NULL,
  `status` tinyint(1) DEFAULT NULL,
  PRIMARY KEY (`id`)
) ENGINE=InnoDB DEFAULT CHARSET=utf16 COLLATE=utf16_unicode_ci AUTO_INCREMENT=1 ;

-- --------------------------------------------------------

--
-- Table structure for table `sd_nav_menus`
--

DROP TABLE IF EXISTS `sd_nav_menus`;
CREATE TABLE IF NOT EXISTS `sd_nav_menus` (
  `id` int(6) unsigned NOT NULL AUTO_INCREMENT,
  `name` varchar(30) COLLATE utf16_unicode_ci DEFAULT NULL,
  `orders` text COLLATE utf16_unicode_ci,
  `theme_id` int(6) DEFAULT NULL,
  PRIMARY KEY (`id`)
) ENGINE=InnoDB  DEFAULT CHARSET=utf16 COLLATE=utf16_unicode_ci AUTO_INCREMENT=11 ;

--
-- Dumping data for table `sd_nav_menus`
--

INSERT INTO `sd_nav_menus` (`id`, `name`, `orders`, `theme_id`) VALUES
(1, 'default', '[]', NULL),
(2, 'default', '[{"id":1},{"id":2},{"id":4,"children":[{"id":6},{"id":7},{"id":59},{"id":60}]},{"id":3},{"id":5},{"id":8},{"id":9}]', 1),
(3, 'default', '[{"id":10},{"id":11},{"id":12},{"id":13},{"id":14},{"id":15},{"id":16},{"id":17},{"id":18}]', 2),
(4, 'default', '[{"id":19},{"id":20},{"id":21},{"id":22},{"id":23},{"id":24},{"id":25},{"id":26},{"id":27}]', 3),
(5, 'default', '[{"id":28},{"id":29},{"id":30},{"id":31},{"id":32},{"id":33},{"id":34},{"id":35},{"id":36}]', 4),
(6, 'default', '[{"id":37},{"id":38},{"id":39},{"id":40,"children":[{"id":41},{"id":61}]}]', 5),
(7, 'default', '[{"id":42},{"id":43},{"id":44},{"id":45},{"id":46,"children":[{"id":47},{"id":48},{"id":49},{"id":50}]}]', 6),
(8, 'default', '[{"id":51},{"id":52},{"id":53},{"id":54,"children":[{"id":55}]}]', 7),
(9, 'default', '[{"id":62},{"id":63,"children":[{"id":66}]},{"id":64},{"id":65},{"id":67}]', 8),
(10, 'default', '[{"id":68},{"id":69},{"id":70},{"id":71}]', 9);

-- --------------------------------------------------------

--
-- Table structure for table `sd_options`
--

DROP TABLE IF EXISTS `sd_options`;
CREATE TABLE IF NOT EXISTS `sd_options` (
  `id` int(6) unsigned NOT NULL AUTO_INCREMENT,
  `Site_name` varchar(30) COLLATE utf16_unicode_ci NOT NULL,
  `theme_name` varchar(30) COLLATE utf16_unicode_ci NOT NULL,
  `theme_version` varchar(50) COLLATE utf16_unicode_ci DEFAULT NULL,
  `site_title` varchar(50) COLLATE utf16_unicode_ci DEFAULT NULL,
  `base_url` varchar(50) COLLATE utf16_unicode_ci DEFAULT NULL,
  `custom_color` varchar(50) COLLATE utf16_unicode_ci DEFAULT NULL,
  PRIMARY KEY (`id`)
) ENGINE=InnoDB DEFAULT CHARSET=utf16 COLLATE=utf16_unicode_ci AUTO_INCREMENT=1 ;

-- --------------------------------------------------------

--
-- Table structure for table `sd_pages`
--

DROP TABLE IF EXISTS `sd_pages`;
CREATE TABLE IF NOT EXISTS `sd_pages` (
  `id` int(6) unsigned NOT NULL AUTO_INCREMENT,
  `page_title` varchar(30) COLLATE utf16_unicode_ci DEFAULT NULL,
  `page_url` varchar(30) COLLATE utf16_unicode_ci DEFAULT NULL,
  `template_name` varchar(30) COLLATE utf16_unicode_ci DEFAULT NULL,
  `meta_description` text COLLATE utf16_unicode_ci,
  `page_content` text COLLATE utf16_unicode_ci,
  `theme_id` int(6) DEFAULT NULL,
  `type` tinyint(1) DEFAULT NULL,
  `status` tinyint(1) DEFAULT NULL,
  `clone` int(6) DEFAULT NULL,
  PRIMARY KEY (`id`)
) ENGINE=InnoDB  DEFAULT CHARSET=utf16 COLLATE=utf16_unicode_ci AUTO_INCREMENT=76 ;

--
-- Dumping data for table `sd_pages`
--

INSERT INTO `sd_pages` (`id`, `page_title`, `page_url`, `template_name`, `meta_description`, `page_content`, `theme_id`, `type`, `status`, `clone`) VALUES
(1, 'Home', 'home', 'frontpage.php', '', '<section class="section-appender">\r\n	<div id="banner">\r\n		<div class="container">\r\n			<div class="row">\r\n				<div class="col-md-12">\r\n					<div class="banner-text">\r\n						<h1><span class="_sd-editable-text text-only" id="_header1">We Made the world</span></h1>\r\n						<h2><span><span class="_sd-editable-text text-only" id="_header2">So small</span></span></h2>\r\n						<h3><span class="_sd-editable-text text-only" id="_header3">that you can travel through it in a click</span></h3>\r\n					</div>\r\n					<div class="banner-btn">\r\n						<a href="http://localhost/sprintdesign/edit?page=contact" class="btn btn-primary" title="" data-original-title="Change" aria-describedby="popover82853">Request a Quote!</a>\r\n					</div>\r\n				</div>\r\n			</div>\r\n		</div>\r\n	</div>	\r\n	<div id="packages">\r\n		<div class="container">\r\n			<div class="row">\r\n				<div class="col-md-3 col-sm-3">\r\n					<article class="package">\r\n						<figure class="package__img sd-image-container" style="background-image: url(''http://localhost/sprintdesign/sd-includes/themes/Travel1/img/package01.jpg'');"><button class="galleryShow cropit"><i class="fa fa-image"></i></button>\r\n							<figcaption><span class="_sd-editable-text text-only" id="_package1">Tokyo</span></figcaption>\r\n						</figure>\r\n						<div class="package__details">\r\n							<h1 class="h4"><span class="_sd-editable-text text-only" id="_package1_days">4 days / 3 nights Package</span></h1>\r\n							<h2 class="h3"><span class="_sd-editable-text text-only" id="_package1_price">Php 16,294</span><br> <span class="text-only" id="mce_2">Per Month</span></h2>\r\n							<p><span class="_sd-editable-text text-only" id="_package1_info">3 months at 0% interest for <br>October 28-31, 2016</span></p>\r\n							<a href="http://localhost/sprintdesign/edit?page=package1" title="Change" data-original-title="Change">Book Now</a>\r\n						</div>\r\n					</article>\r\n				</div>\r\n				<div class="col-md-3 col-sm-3">\r\n					<article class="package">\r\n						<figure class="package__img sd-image-container" style="background-image: url(''http://localhost/sprintdesign/sd-includes/themes/Travel1/img/package02.jpg'');"><button class="galleryShow cropit"><i class="fa fa-image"></i></button>\r\n							<figcaption><span class="_sd-editable-text text-only" id="_package2">Bali</span></figcaption>\r\n						</figure>\r\n						<div class="package__details">\r\n							<h1 class="h4"><span class="_sd-editable-text text-only" id="_package2_days">4 days / 3 nights Package</span></h1>\r\n							<h2 class="h3"><span class="_sd-editable-text text-only" id="_package2_price">Php 16,294</span><br> <span class="text-only" id="mce_3">Per Month</span></h2>\r\n							<p><span class="_sd-editable-text text-only" id="_package2_info">3 months at 0% interest for <br>October 28-31, 2016</span></p>\r\n							<a href="http://localhost/sprintdesign/edit?page=package2" title="" data-original-title="Change" aria-describedby="popover992555">Book Now</a>\r\n						</div>\r\n					</article>\r\n				</div>\r\n				<div class="col-md-3 col-sm-3">\r\n					<article class="package">\r\n						<figure class="package__img sd-image-container" style="background-image: url(''http://localhost/sprintdesign/sd-includes/themes/Travel1/img/package03.jpg'');"><button class="galleryShow cropit"><i class="fa fa-image"></i></button>\r\n							<figcaption><span class="_sd-editable-text text-only" id="_package3">Bangkok</span></figcaption>\r\n						</figure>\r\n						<div class="package__details">\r\n							<h1 class="h4"><span class="_sd-editable-text text-only" id="_package3_days">4 days / 3 nights Package</span></h1>\r\n							<h2 class="h3"><span class="_sd-editable-text text-only" id="_package3_price">Php 16,294</span><br> <span class="text-only" id="mce_4">Per Month</span></h2>\r\n							<p><span class="_sd-editable-text text-only" id="_package3_info">3 months at 0% interest for <br>October 28-31, 2016</span></p>\r\n							<a href="http://localhost/sprintdesign/edit?page=package3" title="" data-original-title="Change" aria-describedby="popover190490">Book Now</a>\r\n						</div>\r\n					</article>\r\n				</div>\r\n				<div class="col-md-3 col-sm-3">\r\n					<article class="package">\r\n						<figure class="package__img sd-image-container" style="background-image: url(''http://localhost/sprintdesign/sd-includes/themes/Travel1/img/package04.jpg'');"><button class="galleryShow cropit"><i class="fa fa-image"></i></button>\r\n							<figcaption><span class="_sd-editable-text text-only" id="_package4">Disney Land</span></figcaption>\r\n						</figure>\r\n						<div class="package__details">\r\n							<h1 class="h4"><span class="_sd-editable-text text-only" id="_package4_days">4 days / 3 nights Package</span></h1>\r\n							<h2 class="h3"><span class="_sd-editable-text text-only" id="_package4_price">Php 16,294</span><br> <span class="text-only" id="mce_5">Per Month</span></h2>\r\n							<p><span class="_sd-editable-text text-only" id="_package4_info">3 months at 0% interest for October 28-31, 2016</span></p>\r\n							<a href="http://localhost/sprintdesign/edit?page=package4" title="Change" data-original-title="Change">Book Now</a>\r\n						</div>\r\n					</article>\r\n				</div>\r\n			</div>\r\n		</div>\r\n	</div>\r\n	\r\n\r\n\r\n	         \r\n\r\n\r\n\r\n\r\n         \r\n\r\n\r\n\r\n\r\n         \r\n\r\n\r\n\r\n\r\n         \r\n\r\n\r\n\r\n\r\n         \r\n\r\n\r\n\r\n\r\n         \r\n\r\n\r\n\r\n\r\n</section><section class="section-appender">\r\n	<div id="book-travel-form">\r\n		<div class="container">\r\n			<div class="row">\r\n				<div class="col-md-12">\r\n					<h1 class="text-only" id="mce_6">Book your travel</h1>\r\n				</div>\r\n			</div>\r\n			<div class="row">\r\n				<form class="sd-form" method="post" data-toggle="validator" sd-form-title="Booking Form">\r\n					<div class="col-md-5 col-sm-5">\r\n						<div class="form-group">\r\n							<label for="inputFullname">First Name</label>\r\n							<input name="firstname" class="form-control" id="firstname" required="" type="text">\r\n		              	</div>\r\n		              	<div class="form-group">\r\n							<label for="inputLastname">Last Name</label>\r\n							<input name="lastname" class="form-control" id="lastname" required="" type="text">\r\n		              	</div>\r\n		              	<div class="form-group">\r\n							<label for="inputEmail">Email</label>\r\n							<input name="email" class="form-control" id="email" required="" type="email">\r\n		              	</div>\r\n		              	<div class="form-group">\r\n							<label for="inputPhone">Phone</label>\r\n							<input name="phone" class="form-control" id="phone" required="" type="text">\r\n		              	</div>\r\n					</div>\r\n					<div class="col-md-5 col-md-offset-2 col-sm-5 col-sm-offset-2">\r\n						<div class="form-group">\r\n							<label for="inputDepart">Departure Date</label>\r\n							<input name="departure_date" class="form-control sd-date" id="departure" required="" type="text">\r\n		              	</div>\r\n		              	<div class="radio">\r\n							<label><input name="trip_type" value="One-way" required="" type="radio">One-way</label>\r\n						</div>\r\n						<div class="radio">\r\n						  	<label><input name="trip_type" value="Round Trip" required="" type="radio">Round Trip</label>\r\n						</div>\r\n		              	<div class="form-group">\r\n							<label for="inputReturn">Return Date</label>\r\n							<input name="return_date" class="form-control sd-date" id="return" required="" type="text">\r\n		              	</div>\r\n		              	<button class="btn btn-primary" type="submit">Book Now!</button>\r\n					</div>\r\n				</form>\r\n			</div>\r\n		</div>\r\n	</div>\r\n	         \r\n\r\n\r\n\r\n\r\n	         \r\n\r\n\r\n\r\n\r\n         \r\n\r\n\r\n\r\n\r\n         \r\n\r\n\r\n\r\n\r\n         \r\n\r\n\r\n\r\n\r\n</section>', 1, 1, 1, NULL),
(2, 'About Us', 'about-us', 'fullwidth.php', '', '<section class="ui-state-default section-appender">\r\n	<div class="container imgtext-left">\r\n		<div class="row">\r\n			<h1 class="text-only sd-content-title" id="mce_24">Section Title</h1>\r\n			<div class="col-md-12 fl-module fl-module-rich-text fl-node-577a255ac120a">\r\n				<div class="fl-module-content fl-node-content">\r\n			        <div class="col-md-6 col-sm-6 service-content wp-image-24 sd-image-container" style="background-image:url(http://design.sprintdesignsph.com/furniture1/wp-content/uploads/2016/07/img01-1.jpg)">\r\n						  <button class="galleryShow cropit"><i class="fa fa-image"></i></button>\r\n					</div>\r\n					<div class="col-sm-6 col-sm-6 fl-rich-text sd-col-content">\r\n						<div class="editable" id="mce_25"><p>This is Photoshop''s version of Lorem Ipsum. Proin gravida nibh vel velit auctor aliquet. Aenean sollicitudin, lorem quis bibendum auctor, nisi elit consequat ipsum, nec sagittis sem nibh id elit. Duis sed odio sit amet nibh vulputate cursus a sit amet mauris. Morbi accumsan ipsum velit. Nam nec tellus a odio tincidunt auctor a ornare odio. Sed non mauris vitaae erat consequat auctor eu in elit. Class aptent taciti sociosqu ad litora torquent per conubia nostra, per inceptos himenaeos. Mauris in erat justo. Nullam ac urna eu felis dapibus condimentum sit amet a augue. Sed non neque elit. Sed ut imperdiet nisi. Proin condimentum fermentum nunc. Etiam pharetra, erat sed fermentum feugiat, velit mauris egestas quam, ut aliquam massa nisl quis neque. Suspendisse in orci enim.</p></div>\r\n					</div>\r\n				</div>\r\n			</div>\r\n\r\n		<!--THIRD PART-->\r\n			\r\n		</div>\r\n	</div>\r\n	         \r\n\r\n\r\n\r\n\r\n</section><section class="ui-state-default section-appender">\r\n	<div class="container two-sqimage">\r\n		<div class="row">\r\n		    <h1 class="text-only sd-content-title" id="mce_4">Section Title</h1>\r\n				<div class="col-md-6 col-sm-6 col-xs-12 sd-col-content">\r\n					<div style="background-image:url(http://design.sprintdesignsph.com/furniture1/wp-content/uploads/2016/07/img01-1.jpg)" class="sd-image-container"><button class="galleryShow cropit"><i class="fa fa-image"></i></button></div>\r\n				  <div class="editable" id="mce_6"><p>Lorem Ipsum is simply dummy text of the printing and typesetting industry. Lorem Ipsum has been the industry''s standard dummy text ever since the 1500s, when an unknown printer took a galley of type and scrambled it to make a type specimen book. It has survived not only five centuries, but also the leap into electronic typesetting, remaining essentially unchanged. It was popularised in the 1960s with the release of Letraset sheets containing Lorem Ipsum passages, and more recently with desktop publishing software like Aldus PageMaker including versions of Lorem Ipsum.</p></div>\r\n				</div>\r\n				<div class="col-md-6 col-sm-6 col-xs-12 sd-col-content">\r\n					<div style="background-image:url(http://design.sprintdesignsph.com/furniture1/wp-content/uploads/2016/07/img01-1.jpg)" class="sd-image-container"><button class="galleryShow cropit"><i class="fa fa-image"></i></button></div>\r\n				  <div class="editable" id="mce_23"><p>Lorem Ipsum is simply dummy text of the printing and typesetting industry. Lorem Ipsum has been the industry''s standard dummy text ever since the 1500s, when an unknown printer took a galley of type and scrambled it to make a type specimen book. It has survived not only five centuries, but also the leap into electronic typesetting, remaining essentially unchanged. It was popularised in the 1960s with the release of Letraset sheets containing Lorem Ipsum passages, and more recently with desktop publishing software like Aldus PageMaker including versions of Lorem Ipsum.</p></div>\r\n				</div>\r\n		</div>\r\n	</div>\r\n	         \r\n\r\n\r\n\r\n\r\n</section>', 1, 1, 1, NULL),
(3, 'Packages', 'packages', 'fullwidth.php', '', '', 1, 1, 1, NULL),
(4, 'Services', 'services', 'fullwidth.php', '', '', 1, 1, 1, NULL),
(5, 'Contact', 'contact', 'fullwidth.php', '', '	<section class="section-appender">\n	<div id="book-travel-form">\n		<div class="container">\n			<div class="row">\n				<div class="col-md-12">\n					<h1 class="text-only">Contact Us</h1>\n				</div>\n			</div>\n			<div class="row">\n				<form class="sd-form" method="post" data-toggle="validator" sd-form-title="Contact Form">\n					<div class="col-md-5 col-sm-5">\n						<div class="form-group">\n							<label for="inputFullname">First Name</label>\n							<input name="firstname" type="text" class="form-control" id="firstname" required>\n		              	</div>\n		              	<div class="form-group">\n							<label for="inputLastname">Last Name</label>\n							<input name="lastname" type="text" class="form-control" id="lastname" required>\n		              	</div>\n		              	<div class="form-group">\n							<label for="inputEmail">Email</label>\n							<input name="email" type="email" class="form-control" id="email" required>\n		              	</div>\n		              	<div class="form-group">\n							<label for="inputPhone">Phone</label>\n							<input name="phone" type="text" class="form-control" id="phone" required>\n		              	</div>\n					</div>\n					<div class="col-md-5 col-md-offset-2 col-sm-5 col-sm-offset-2">\n						<div class="form-group">\n							<label for="inputDepart">Message</label>\n							<textarea name="message" class="form-control"></textarea>\n		              	</div>\n		              	<button class="btn btn-primary" type="submit">Send</button>\n					</div>\n				</form>\n			</div>\n		</div>\n	</div>\n	\r\n\r\n\r\n	</section>', 1, 1, 1, NULL),
(6, 'Package1', 'package1', 'fullwidth.php', '', '', 1, 1, 1, NULL),
(7, 'Package2', 'package2', 'fullwidth.php', '', '', 1, 1, 1, NULL),
(8, 'Package3', 'package3', 'fullwidth.php', '', '', 1, 1, 0, NULL),
(9, 'Package4', 'package4', 'fullwidth.php', '', '', 1, 1, 0, NULL),
(10, 'Home', 'home', 'frontpage.php', '', '<section class="section-appender">\r\n	<div id="banner">\r\n		<div class="container">\r\n			<div class="row">\r\n				<div class="col-md-12">\r\n					<div class="banner-text">\r\n						<h1><span class="_sd-editable-text text-only" id="_header1">We Made the world</span></h1>\r\n						<h2><span><span class="_sd-editable-text text-only" id="_header2">So small</span></span></h2>\r\n						<h3><span class="_sd-editable-text text-only" id="_header3">that you can travel through it in a click</span></h3>\r\n					</div>\r\n					<div class="banner-btn">\r\n						<a href="http://localhost/sprintdesign/edit?page=contact" class="btn btn-primary" title="" data-original-title="Change">Get Quote Now</a>\r\n					</div>\r\n				</div>\r\n			</div>\r\n		</div>\r\n	</div>\r\n	<div id="packages">\r\n		<div class="container">\r\n			<div class="row">\r\n				<div class="col-md-3 col-sm-3">\r\n					<article class="package">\r\n						<figure class="package__img sd-image-container" style="background-image: url(''http://localhost/sprintdesign/sd-includes/themes/Travel13/img/package01.jpg'');"><button class="galleryShow cropit"><i class="fa fa-image"></i></button>\r\n							<figcaption><span class="_sd-editable-text text-only" id="_package1">Tokyo</span></figcaption>\r\n						</figure>\r\n						<div class="package__details">\r\n							<h1 class="h4"><span class="_sd-editable-text text-only" id="_package1_days">4 days / 3 nights Package</span></h1>\r\n							<h2 class="h3"><span class="_sd-editable-text text-only" id="_package1_price">Php 16,294</span><br> <span class="text-only" id="mce_2">Per Month</span></h2>\r\n							<p><span class="_sd-editable-text text-only" id="_package1_info">3 months at 0% interest for <br>October 28-31, 2016</span></p>\r\n							<a href="http://localhost/sprintdesign/edit?page=package1">Select</a>\r\n						</div>\r\n					</article>\r\n				</div>\r\n				<div class="col-md-3 col-sm-3">\r\n					<article class="package">\r\n						<figure class="package__img sd-image-container" style="background-image: url(''http://localhost/sprintdesign/sd-includes/themes/Travel13/img/package02.jpg'');"><button class="galleryShow cropit"><i class="fa fa-image"></i></button>\r\n							<figcaption><span class="_sd-editable-text text-only" id="_package2">Bali</span></figcaption>\r\n						</figure>\r\n						<div class="package__details">\r\n							<h1 class="h4"><span class="_sd-editable-text text-only" id="_package2_days">4 days / 3 nights Package</span></h1>\r\n							<h2 class="h3"><span class="_sd-editable-text text-only" id="_package2_price">Php 16,294</span><br> <span class="text-only" id="mce_3">Per Month</span></h2>\r\n							<p><span class="_sd-editable-text text-only" id="_package2_info">3 months at 0% interest for <br>October 28-31, 2016</span></p>\r\n							<a href="http://localhost/sprintdesign/edit?page=package2">Select</a>\r\n						</div>\r\n					</article>\r\n				</div>\r\n				<div class="col-md-3 col-sm-3">\r\n					<article class="package">\r\n						<figure class="package__img sd-image-container" style="background-image: url(''http://localhost/sprintdesign/sd-includes/themes/Travel13/img/package03.jpg'');"><button class="galleryShow cropit"><i class="fa fa-image"></i></button>\r\n							<figcaption><span class="_sd-editable-text text-only" id="_package3">Bangkok</span></figcaption>\r\n						</figure>\r\n						<div class="package__details">\r\n							<h1 class="h4"><span class="_sd-editable-text text-only" id="_package3_days">4 days / 3 nights Package</span></h1>\r\n							<h2 class="h3"><span class="_sd-editable-text text-only" id="_package3_price">Php 16,294</span><br> <span class="text-only" id="mce_4">Per Month</span></h2>\r\n							<p><span class="_sd-editable-text text-only" id="_package3_info">3 months at 0% interest for <br>October 28-31, 2016</span></p>\r\n							<a href="http://localhost/sprintdesign/edit?page=package3" title="" data-original-title="Change">Test01</a>\r\n						</div>\r\n					</article>\r\n				</div>\r\n				<div class="col-md-3 col-sm-3">\r\n					<article class="package">\r\n						<figure class="package__img sd-image-container" style="background-image: url(''http://localhost/sprintdesign/sd-includes/themes/Travel13/img/package04.jpg'');"><button class="galleryShow cropit"><i class="fa fa-image"></i></button>\r\n							<figcaption><span class="_sd-editable-text text-only" id="_package4">Disney Land</span></figcaption>\r\n						</figure>\r\n						<div class="package__details">\r\n							<h1 class="h4"><span class="_sd-editable-text text-only" id="_package4_days">4 days / 3 nights Package</span></h1>\r\n							<h2 class="h3"><span class="_sd-editable-text text-only" id="_package4_price">Php 16,294</span><br> <span class="text-only" id="mce_5">Per Month</span></h2>\r\n							<p><span class="_sd-editable-text text-only" id="_package4_info">3 months at 0% interest for October 28-31, 2016</span></p>\r\n							<a href="http://localhost/sprintdesign/edit?page=package4">Select</a>\r\n						</div>\r\n					</article>\r\n				</div>\r\n			</div>\r\n		</div>\r\n	</div>\r\n	\r\n\r\n\r\n	         \r\n\r\n\r\n\r\n\r\n</section>\r\n	<section class="section-appender">\r\n	<div id="book-travel-form">\r\n		<div class="container">\r\n			<div class="row">\r\n				<div class="col-md-12">\r\n					<h1 class="text-only" id="mce_6">Book your travel</h1>\r\n				</div>\r\n			</div>\r\n			<div class="row">\r\n				<form class="sd-form" method="post" data-toggle="validator" sd-form-title="Booking Form">\r\n					<div class="col-md-5 col-sm-5">\r\n						<div class="form-group">\r\n							<label for="inputFullname">First Name</label>\r\n							<input name="firstname" class="form-control" id="firstname" required="" type="text">\r\n		              	</div>\r\n		              	<div class="form-group">\r\n							<label for="inputLastname">Last Name</label>\r\n							<input name="lastname" class="form-control" id="lastname" required="" type="text">\r\n		              	</div>\r\n		              	<div class="form-group">\r\n							<label for="inputEmail">Email</label>\r\n							<input name="email" class="form-control" id="email" required="" type="email">\r\n		              	</div>\r\n		              	<div class="form-group">\r\n							<label for="inputPhone">Phone</label>\r\n							<input name="phone" class="form-control" id="phone" required="" type="text">\r\n		              	</div>\r\n					</div>\r\n					<div class="col-md-5 col-md-offset-2 col-sm-5 col-sm-offset-2">\r\n						<div class="form-group">\r\n							<label for="inputDepart">Departure Date</label>\r\n							<input name="departure_date" class="form-control sd-date" id="departure" required="" type="text">\r\n		              	</div>\r\n		              	<div class="radio">\r\n							<label><input name="trip_type" value="One-way" required="" type="radio">One-way</label>\r\n						</div>\r\n						<div class="radio">\r\n						  	<label><input name="trip_type" value="Round Trip" required="" type="radio">Round Trip</label>\r\n						</div>\r\n		              	<div class="form-group">\r\n							<label for="inputReturn">Return Date</label>\r\n							<input name="return_date" class="form-control sd-date" id="return" required="" type="text">\r\n		              	</div>\r\n		              	<button class="btn btn-primary" type="submit" title="" data-original-title="Change">APPLY BOOKING!</button>\r\n					</div>\r\n				</form>\r\n			</div>\r\n		</div>\r\n	</div>\r\n	\r\n\r\n\r\n	         \r\n\r\n\r\n\r\n\r\n</section>', 2, 1, 1, NULL),
(11, 'About Us', 'about-us', 'fullwidth.php', '', '', 2, 1, 1, NULL),
(12, 'Packages', 'packages', 'fullwidth.php', '', '', 2, 1, 1, NULL),
(13, 'Services', 'services', 'fullwidth.php', '', '', 2, 1, 1, NULL),
(14, 'Contact', 'contact', 'fullwidth.php', '', '	<section class="section-appender">\r\n	<div id="book-travel-form">\r\n		<div class="container">\r\n			<div class="row">\r\n				<div class="col-md-12">\r\n					<h1 class="text-only">Contact Us</h1>\r\n				</div>\r\n			</div>\r\n			<div class="row">\r\n				<form class="sd-form" method="post" data-toggle="validator" sd-form-title="Contact Form">\r\n					<div class="col-md-5 col-sm-5">\r\n						<div class="form-group">\r\n							<label for="inputFullname">First Name</label>\r\n							<input name="firstname" type="text" class="form-control" id="firstname" required>\r\n		              	</div>\r\n		              	<div class="form-group">\r\n							<label for="inputLastname">Last Name</label>\r\n							<input name="lastname" type="text" class="form-control" id="lastname" required>\r\n		              	</div>\r\n		              	<div class="form-group">\r\n							<label for="inputEmail">Email</label>\r\n							<input name="email" type="email" class="form-control" id="email" required>\r\n		              	</div>\r\n		              	<div class="form-group">\r\n							<label for="inputPhone">Phone</label>\r\n							<input name="phone" type="text" class="form-control" id="phone" required>\r\n		              	</div>\r\n					</div>\r\n					<div class="col-md-5 col-md-offset-2 col-sm-5 col-sm-offset-2">\r\n						<div class="form-group">\r\n							<label for="inputDepart">Message</label>\r\n							<textarea name="message" class="form-control"></textarea>\r\n		              	</div>\r\n		              	<button class="btn btn-primary" type="submit">Send</button>\r\n					</div>\r\n				</form>\r\n			</div>\r\n		</div>\r\n	</div>\r\n	\r\n\r\n\r\n	</section>', 2, 1, 1, NULL),
(15, 'Package1', 'package1', 'fullwidth.php', '', '', 2, 1, 0, NULL),
(16, 'Package2', 'package2', 'fullwidth.php', '', '', 2, 1, 0, NULL),
(17, 'Package3', 'package3', 'fullwidth.php', '', '', 2, 1, 0, NULL),
(18, 'Package4', 'package4', 'fullwidth.php', '', '', 2, 1, 0, NULL),
(19, 'Home', 'home', 'frontpage.php', '', '<section class="section-appender">\r\n	<div id="banner">\r\n		<div class="container">\r\n			<div class="row">\r\n				<div class="col-md-4 col-sm-6">	\r\n					<div id="book-travel-form">\r\n						<h1 class="text-only" id="mce_0">Book your travel</h1>\r\n						<form class="sd-form" method="post" data-toggle="validator" sd-form-title="Booking Form">						\r\n						<div class="form-group">\r\n							<label for="inputFullname">Name</label>\r\n							<input name="name" class="form-control" id="fullname" required="" type="fname">\r\n		              	</div>\r\n		              	<div class="form-group">\r\n							<label for="inputEmail">Email</label>\r\n							<input name="email" class="form-control" id="email" required="" type="email">\r\n		              	</div>\r\n		              	<div class="form-group">\r\n							<label for="inputPhone">Phone</label>\r\n							<input name="phone" class="form-control" id="phone" required="" type="phone">\r\n		              	</div>\r\n						<div class="form-group">\r\n							<label for="inputDepart">Departure</label>\r\n							<input name="departure" class="form-control sd-date" id="departure" required="" type="departure">\r\n		              	</div>\r\n		              	<div class="radio">\r\n							<label><input name="trip_type" required="" type="radio">One-way</label>\r\n						</div>\r\n						<div class="radio">\r\n						  	<label><input name="trip_type" required="" type="radio">Round Trip</label>\r\n						</div>\r\n		              	<div class="form-group">\r\n							<label for="inputReturn">Return</label>\r\n							<input name="return" class="form-control sd-date" id="return" required="" type="return">\r\n		              	</div>\r\n		              	<button type="submit" class="btn btn-primary" title="" data-original-title="Change">Book Now!!</button>\r\n		              	</form>\r\n					</div>\r\n				</div>\r\n				<div class="col-md-8 col-sm-6 hidden-xs">\r\n					<div class="banner-text">\r\n						<div class="border">\r\n							<h1 class="text-only" id="mce_3">Start your journey with us!</h1>\r\n						</div>\r\n					</div>\r\n				</div>\r\n			</div>\r\n		</div>\r\n	</div>\r\n	\r\n\r\n\r\n	         \r\n\r\n\r\n\r\n\r\n         \r\n\r\n\r\n\r\n\r\n</section><section class="gallery-slick ui-state-default section-appender">\r\n  <div class="container">\r\n    <div class="row">\r\n        <h1 class="text-only sd-content-title" id="mce_29">From a Traveller to a Story teller</h1>\r\n    </div>\r\n    <div class="row">       \r\n      <div class="home-slider">\r\n        <div class="main-slider"><div id="slick-slide-1" class="slide sd-image-container with-thumb" data-thumb="slick-slide-nav-1" style="background-image: url(&quot;http://localhost/sprintdesign/sd-assets/images/slide01.jpg&quot;); width: 1060px; position: relative; left: 0px; top: 0px; z-index: 998; opacity: 0; transition: opacity 500ms ease 0s;">\r\n            <button class="galleryShow cropit" tabindex="-1"><i class="fa fa-image"></i></button>\r\n          </div><div id="slick-slide-2" class="slide sd-image-container with-thumb" data-thumb="slick-slide-nav-2" style="background-image: url(&quot;http://localhost/sprintdesign/sd-assets/images/slide02.jpg&quot;); width: 1060px; position: relative; left: -1100px; top: 0px; z-index: 998; opacity: 0; transition: opacity 500ms ease 0s;">\r\n            <button class="galleryShow cropit" tabindex="-1"><i class="fa fa-image"></i></button>\r\n          </div><div id="slick-slide-3" class="slide sd-image-container with-thumb slick-current slick-active" data-thumb="slick-slide-nav-3" style="background-image: url(&quot;http://localhost/sprintdesign/sd-assets/images/slide03.jpg&quot;); width: 1060px; position: relative; left: -2200px; top: 0px; z-index: 999; opacity: 1;">\r\n            <button class="galleryShow cropit" tabindex="0"><i class="fa fa-image"></i></button>\r\n          </div><div id="slick-slide-4" class="slide sd-image-container with-thumb" data-thumb="slick-slide-nav-4" style="background-image: url(&quot;http://localhost/sprintdesign/sd-assets/images/slide04.jpg&quot;); width: 1060px; position: relative; left: -3300px; top: 0px; z-index: 998; opacity: 0; transition: opacity 500ms ease 0s;">\r\n            <button class="galleryShow cropit" tabindex="-1"><i class="fa fa-image"></i></button>\r\n          </div><div id="slick-slide-5" class="slide sd-image-container with-thumb" data-thumb="slick-slide-nav-5" style="background-image: url(&quot;http://localhost/sprintdesign/sd-assets/images/slide05.jpg&quot;); width: 1060px; position: relative; left: -4400px; top: 0px; z-index: 998; opacity: 0; transition: opacity 500ms ease 0s;">\r\n            <button class="galleryShow cropit" tabindex="-1"><i class="fa fa-image"></i></button>\r\n          </div></div>\r\n        <div class="nav-slider"><div id="slick-slide-nav-1" class="slide" style="background-image: url(&quot;http://localhost/sprintdesign/sd-assets/images/slide01.jpg&quot;); width: 235px;">\r\n            \r\n          </div><div id="slick-slide-nav-2" class="slide" style="background-image: url(&quot;http://localhost/sprintdesign/sd-assets/images/slide02.jpg&quot;); width: 235px;">\r\n            \r\n          </div><div id="slick-slide-nav-3" class="slide slick-current slick-active" style="background-image: url(&quot;http://localhost/sprintdesign/sd-assets/images/slide03.jpg&quot;); width: 235px;">\r\n            \r\n          </div><div id="slick-slide-nav-4" class="slide slick-active" style="background-image: url(&quot;http://localhost/sprintdesign/sd-assets/images/slide04.jpg&quot;); width: 235px;">\r\n            \r\n          </div><div id="slick-slide-nav-5" class="slide slick-active" style="background-image: url(&quot;http://localhost/sprintdesign/sd-assets/images/slide05.jpg&quot;); width: 235px;">\r\n            \r\n          </div></div>\r\n      </div>\r\n    </div>\r\n  </div>\r\n           \r\n\r\n\r\n\r\n\r\n</section>\r\n\r\n	<section class="section-appender">\r\n	<div id="packages">\r\n		<div class="container">\r\n			<div class="row">\r\n				<h1 class="text-only" id="mce_4">Vacation Package</h1>\r\n			</div>\r\n			<div class="list">\r\n				<div class="row">\r\n					<div class="col-md-6 col-sm-6">\r\n						<article class="package">\r\n							<figure class="package__img sd-image-container" style="background-image: url(''http://localhost/sprintdesign/sd-includes/themes/Travel12/img/package01.jpg'');"><button class="galleryShow cropit"><i class="fa fa-image"></i></button>\r\n								<figcaption class="text-only mce-content-body" id="mce_5" spellcheck="false" contenteditable="true"><p>Tokyo</p></figcaption>\r\n							</figure>\r\n							<div class="package__details">\r\n								<h1 class="h4 text-only" id="mce_6">4 days / 3 nights Package</h1>\r\n								<h2 class="h3 text-only" id="mce_7">Php 16,294<br> Per Month</h2>\r\n								<p class="text-only" id="mce_8">3 months at 0% interest for <br>October 28-31, 2016</p>\r\n								<a href="http://localhost/sprintdesign/edit?page=package1" title="Change" data-original-title="Change">Enjoy Tokyo</a>\r\n							</div>\r\n						</article>\r\n					</div>\r\n					<div class="col-md-6 col-sm-6">\r\n						<article class="package">\r\n							<figure class="package__img sd-image-container" style="background-image: url(''http://localhost/sprintdesign/sd-includes/themes/Travel12/img/package02.jpg'');"><button class="galleryShow cropit"><i class="fa fa-image"></i></button>\r\n								<figcaption class="text-only mce-content-body" id="mce_9" spellcheck="false" contenteditable="true"><p>Tokyo</p></figcaption>\r\n							</figure>\r\n							<div class="package__details">\r\n								<h1 class="h4 text-only" id="mce_10">4 days / 3 nights Package</h1>\r\n								<h2 class="h3 text-only" id="mce_11">Php 16,294<br> Per Month</h2>\r\n								<p class="text-only" id="mce_12">3 months at 0% interest for <br>October 28-31, 2016</p>\r\n								<a href="http://localhost/sprintdesign/edit?page=package2">Select</a>\r\n							</div>\r\n						</article>\r\n					</div>\r\n				</div>\r\n			</div>\r\n			<div class="list">\r\n				<div class="row">\r\n					<div class="col-md-6 col-sm-6">\r\n						<article class="package">\r\n							<figure class="package__img sd-image-container" style="background-image: url(''http://localhost/sprintdesign/sd-includes/themes/Travel12/img/package03.jpg'');"><button class="galleryShow cropit"><i class="fa fa-image"></i></button>\r\n								<figcaption class="text-only mce-content-body" id="mce_13" spellcheck="false" contenteditable="true"><p>Tokyo</p></figcaption>\r\n							</figure>\r\n							<div class="package__details">\r\n								<h1 class="h4 text-only" id="mce_14">4 days / 3 nights Package</h1>\r\n								<h2 class="h3 text-only" id="mce_15">Php 16,294<br> Per Month</h2>\r\n								<p class="text-only" id="mce_16">3 months at 0% interest for <br>October 28-31, 2016</p>\r\n								<a href="http://localhost/sprintdesign/edit?page=package3" title="" data-original-title="Change" aria-describedby="popover978073">Select</a><div class="popover fade top in" role="tooltip" id="popover978073" style="top: -6.8px; left: 268.5px; display: block;"><div class="arrow" style="left: 50%;"></div><h3 class="popover-title">Change</h3><div class="popover-content"><form><div class="pop_input" style="display: none;"><label class="input_url" style="color: rgb(0, 0, 0);">Input URL:</label></div><div class="pop_input" style="display: none;"><input id="input_url" class="input_url" style="color: rgb(0, 0, 0); border: 1px solid rgb(85, 85, 85);"></div><div><label class="input_url" style="color: rgb(0, 0, 0);">Input Caption:</label></div><div><input id="input_caption" class="input_url" style="color: rgb(0, 0, 0); border: 1px solid rgb(85, 85, 85);"></div><div><button type="button" id="btn_change_caption" class="input_url" style="color: rgb(0, 0, 0);">OK</button><button type="button" id="btn_pop_close" class="input_url" style="color: rgb(0, 0, 0);" title="" data-original-title="Change" aria-describedby="popover786318">Cancel</button><div class="popover fade top in" role="tooltip" id="popover786318" style="top: -41.6px; left: -1px; display: block;"><div class="arrow" style="left: 50%;"></div><h3 class="popover-title">Change</h3><div class="popover-content"><form><div class="pop_input" style="display: none;"><label class="input_url" style="color: rgb(0, 0, 0);">Input URL:</label></div><div class="pop_input" style="display: none;"><input id="input_url" class="input_url" style="color: rgb(0, 0, 0);"></div><div><label class="input_url" style="color: rgb(0, 0, 0);">Input Caption:</label></div><div><input id="input_caption" class="input_url" style="color: rgb(0, 0, 0);"></div><div><button type="button" id="btn_change_caption" class="input_url" style="color: rgb(0, 0, 0);">OK</button><button type="button" id="btn_pop_close" class="input_url" style="color: rgb(0, 0, 0);">Cancel</button></div></form></div></div></div></form></div></div>\r\n							</div>\r\n						</article>\r\n					</div>\r\n					<div class="col-md-6 col-sm-6">\r\n						<article class="package">\r\n							<figure class="package__img sd-image-container" style="background-image: url(''http://localhost/sprintdesign/sd-includes/themes/Travel12/img/package04.jpg'');"><button class="galleryShow cropit"><i class="fa fa-image"></i></button>\r\n								<figcaption class="text-only mce-content-body" id="mce_17" spellcheck="false" contenteditable="true"><p>Tokyo</p></figcaption>\r\n							</figure>\r\n							<div class="package__details">\r\n								<h1 class="h4 text-only" id="mce_18">4 days / 3 nights Package</h1>\r\n								<h2 class="h3 text-only" id="mce_19">Php 16,294<br> Per Month</h2>\r\n								<p class="text-only" id="mce_20">3 months at 0% interest for <br>October 28-31, 2016</p>\r\n								<a href="http://localhost/sprintdesign/edit?page=package4">Select</a>\r\n							</div>\r\n						</article>\r\n					</div>\r\n				</div>\r\n			</div>\r\n		</div>\r\n	</div>\r\n	\r\n\r\n\r\n	         \r\n\r\n\r\n\r\n\r\n         \r\n\r\n\r\n\r\n\r\n</section>', 3, 1, 1, NULL),
(20, 'About Us', 'about-us', 'fullwidth.php', '', '', 3, 1, 1, NULL),
(21, 'Tour Packages', 'tour-packages', 'fullwidth.php', '', '', 3, 1, 1, NULL),
(22, 'Services', 'services', 'fullwidth.php', '', '', 3, 1, 1, NULL),
(23, 'Contact', 'contact', 'fullwidth.php', '', '	<section class="section-appender">\r\n	<div id="book-travel-form">\r\n		<div class="container">\r\n			<div class="row">\r\n				<div class="col-md-12">\r\n					<h1 class="text-only">Contact Us</h1>\r\n				</div>\r\n			</div>\r\n			<div class="row">\r\n				<form class="sd-form" method="post" data-toggle="validator" sd-form-title="Contact Form">\r\n					<div class="col-md-5 col-sm-5">\r\n						<div class="form-group">\r\n							<label for="inputFullname">First Name</label>\r\n							<input name="firstname" type="text" class="form-control" id="firstname" required>\r\n		              	</div>\r\n		              	<div class="form-group">\r\n							<label for="inputLastname">Last Name</label>\r\n							<input name="lastname" type="text" class="form-control" id="lastname" required>\r\n		              	</div>\r\n		              	<div class="form-group">\r\n							<label for="inputEmail">Email</label>\r\n							<input name="email" type="email" class="form-control" id="email" required>\r\n		              	</div>\r\n		              	<div class="form-group">\r\n							<label for="inputPhone">Phone</label>\r\n							<input name="phone" type="text" class="form-control" id="phone" required>\r\n		              	</div>\r\n					</div>\r\n					<div class="col-md-5 col-md-offset-2 col-sm-5 col-sm-offset-2">\r\n						<div class="form-group">\r\n							<label for="inputDepart">Message</label>\r\n							<textarea name="message" class="form-control"></textarea>\r\n		              	</div>\r\n		              	<button class="btn btn-primary" type="submit">Send</button>\r\n					</div>\r\n				</form>\r\n			</div>\r\n		</div>\r\n	</div>\r\n	\r\n\r\n\r\n	</section>', 3, 1, 1, NULL),
(24, 'Package1', 'package1', 'fullwidth.php', '', '', 3, 1, 0, NULL),
(25, 'Package2', 'package2', 'fullwidth.php', '', '', 3, 1, 0, NULL),
(26, 'Package3', 'package3', 'fullwidth.php', '', '', 3, 1, 0, NULL),
(27, 'Package4', 'package4', 'fullwidth.php', '', '', 3, 1, 0, NULL),
(28, 'Home', 'home', 'frontpage.php', '', '<section class="section-appender">\r\n	<div id="banner">\r\n		<div class="container">\r\n			<div class="row">\r\n				<div class="col-md-4 col-sm-6">	\r\n					<div id="book-travel-form">\r\n						<h1 class="text-only" id="mce_0">Book your travel</h1>\r\n						<form class="sd-form" method="post" data-toggle="validator" sd-form-title="Booking Form">						\r\n						<div class="form-group">\r\n							<label for="inputFullname">Name</label>\r\n							<input name="name" class="form-control" id="fullname" required="" type="fname">\r\n		              	</div>\r\n		              	<div class="form-group">\r\n							<label for="inputEmail">Email</label>\r\n							<input name="email" class="form-control" id="email" required="" type="email">\r\n		              	</div>\r\n		              	<div class="form-group">\r\n							<label for="inputPhone">Phone</label>\r\n							<input name="phone" class="form-control" id="phone" required="" type="phone">\r\n		              	</div>\r\n						<div class="form-group">\r\n							<label for="inputDepart">Departure</label>\r\n							<input name="departure" class="form-control sd-date" id="departure" required="" type="departure">\r\n		              	</div>\r\n		              	<div class="radio">\r\n							<label><input name="trip_type" required="" type="radio">One-way</label>\r\n						</div>\r\n						<div class="radio">\r\n						  	<label><input name="trip_type" required="" type="radio">Round Trip</label>\r\n						</div>\r\n		              	<div class="form-group">\r\n							<label for="inputReturn">Return</label>\r\n							<input name="return" class="form-control sd-date" id="return" required="" type="return">\r\n		              	</div>\r\n		              	<button type="submit" class="btn btn-primary" title="Change" data-original-title="Change">Book Now!!!</button>\r\n		              	</form>\r\n					</div>\r\n				</div>\r\n				<div class="col-md-8 col-sm-6 hidden-xs">\r\n					<div class="banner-text">\r\n						<div class="border">\r\n							<h1 class="text-only" id="mce_3">Start your journey with us!</h1>\r\n						</div>\r\n					</div>\r\n				</div>\r\n			</div>\r\n		</div>\r\n	</div>\r\n	\r\n\r\n\r\n	         \r\n\r\n\r\n\r\n\r\n         \r\n\r\n\r\n\r\n\r\n</section><section class="ui-state-default section-appender">\r\n	<div class="container three-circimage">\r\n		<div class="row">\r\n		    <h1 class="text-only sd-content-title" id="mce_5">Section Title</h1>\r\n			\r\n				<div class="col-md-4 col-sm-4 col-xs-12 sd-col-content">\r\n					<div style="background-image:url(http://design.sprintdesignsph.com/furniture1/wp-content/uploads/2016/07/img01-1.jpg)" class="sd-image-container circleimg"><button class="galleryShow cropit"><i class="fa fa-image"></i></button></div>\r\n				  <div class="editable" id="mce_6"><p>Lorem Ipsum is simply dummy text of the printing and typesetting industry. Lorem Ipsum has been the industry''s standard dummy text ever since the 1500s, when an unknown printer took a galley of type and scrambled it to make a type specimen book.</p></div>\r\n				</div>\r\n				<div class="col-md-4 col-sm-4 col-xs-12 sd-col-content">\r\n					<div style="background-image:url(http://design.sprintdesignsph.com/furniture1/wp-content/uploads/2016/07/img01-1.jpg)" class="sd-image-container circleimg"><button class="galleryShow cropit"><i class="fa fa-image"></i></button></div>\r\n				  <div class="editable" id="mce_23"><p>Lorem Ipsum is simply dummy text of the printing and typesetting industry. Lorem Ipsum has been the industry''s standard dummy text ever since the 1500s, when an unknown printer took a galley of type and scrambled it to make a type specimen book.</p></div>\r\n				</div>\r\n				<div class="col-md-4 col-sm-4 col-xs-12 sd-col-content">\r\n					<div style="background-image:url(http://design.sprintdesignsph.com/furniture1/wp-content/uploads/2016/07/img01-1.jpg)" class="sd-image-container circleimg"><button class="galleryShow cropit"><i class="fa fa-image"></i></button></div>\r\n				  <div class="editable" id="mce_24"><p>Lorem Ipsum is simply dummy text of the printing and typesetting industry. Lorem Ipsum has been the industry''s standard dummy text ever since the 1500s, when an unknown printer took a galley of type and scrambled it to make a type specimen book.</p></div>\r\n				</div>\r\n			\r\n		</div>\r\n	</div>\r\n	         \r\n\r\n\r\n\r\n\r\n</section>	<section class="section-appender">\r\n	<div id="packages">\r\n		<div class="container">\r\n			<div class="row">\r\n				<h1 class="text-only" id="mce_4">Vacation Package</h1>\r\n			</div>\r\n			<div class="list">\r\n				<div class="row">\r\n					<div class="col-md-6 col-sm-6">\r\n						<article class="package">\r\n							<figure class="package__img sd-image-container" style="background-image: url(''http://localhost/sprintdesign/sd-includes/themes/Travel8/img/package01.jpg'');"><button class="galleryShow cropit"><i class="fa fa-image"></i></button>\r\n								<figcaption class="text-only mce-content-body" id="mce_5" spellcheck="false" contenteditable="true"><p>Tokyo</p></figcaption>\r\n							</figure>\r\n							<div class="package__details">\r\n								<h1 class="h4 text-only" id="mce_6">4 days / 3 nights Package</h1>\r\n								<h2 class="h3 text-only" id="mce_7">Php 16,294<br> Per Month</h2>\r\n								<p class="text-only" id="mce_8">3 months at 0% interest for <br>October 28-31, 2016</p>\r\n								<a href="http://localhost/sprintdesign/edit?page=package1">Select</a>\r\n							</div>\r\n						</article>\r\n					</div>\r\n					<div class="col-md-6 col-sm-6">\r\n						<article class="package">\r\n							<figure class="package__img sd-image-container" style="background-image: url(''http://localhost/sprintdesign/sd-includes/themes/Travel8/img/package02.jpg'');"><button class="galleryShow cropit"><i class="fa fa-image"></i></button>\r\n								<figcaption class="text-only mce-content-body" id="mce_9" spellcheck="false" contenteditable="true"><p>Tokyo</p></figcaption>\r\n							</figure>\r\n							<div class="package__details">\r\n								<h1 class="h4 text-only" id="mce_10">4 days / 3 nights Package</h1>\r\n								<h2 class="h3 text-only" id="mce_11">Php 16,294<br> Per Month</h2>\r\n								<p class="text-only" id="mce_12">3 months at 0% interest for <br>October 28-31, 2016</p>\r\n								<a href="http://localhost/sprintdesign/edit?page=package2" title="" data-original-title="Change">Affordable Please Select</a>\r\n							</div>\r\n						</article>\r\n					</div>\r\n				</div>\r\n			</div>\r\n			<div class="list">\r\n				<div class="row">\r\n					<div class="col-md-6 col-sm-6">\r\n						<article class="package">\r\n							<figure class="package__img sd-image-container" style="background-image: url(''http://localhost/sprintdesign/sd-includes/themes/Travel8/img/package03.jpg'');"><button class="galleryShow cropit"><i class="fa fa-image"></i></button>\r\n								<figcaption class="text-only mce-content-body" id="mce_13" spellcheck="false" contenteditable="true"><p>Tokyo</p></figcaption>\r\n							</figure>\r\n							<div class="package__details">\r\n								<h1 class="h4 text-only" id="mce_14">4 days / 3 nights Package</h1>\r\n								<h2 class="h3 text-only" id="mce_15">Php 16,294<br> Per Month</h2>\r\n								<p class="text-only" id="mce_16">3 months at 0% interest for <br>October 28-31, 2016</p>\r\n								<a href="http://localhost/sprintdesign/edit?page=package3">Select</a>\r\n							</div>\r\n						</article>\r\n					</div>\r\n					<div class="col-md-6 col-sm-6">\r\n						<article class="package">\r\n							<figure class="package__img sd-image-container" style="background-image: url(''http://localhost/sprintdesign/sd-includes/themes/Travel8/img/package04.jpg'');"><button class="galleryShow cropit"><i class="fa fa-image"></i></button>\r\n								<figcaption class="text-only mce-content-body" id="mce_17" spellcheck="false" contenteditable="true"><p>Tokyo</p></figcaption>\r\n							</figure>\r\n							<div class="package__details">\r\n								<h1 class="h4 text-only" id="mce_18">4 days / 3 nights Package</h1>\r\n								<h2 class="h3 text-only" id="mce_19">Php 16,294<br> Per Month</h2>\r\n								<p class="text-only" id="mce_20">3 months at 0% interest for <br>October 28-31, 2016</p>\r\n								<a href="http://localhost/sprintdesign/edit?page=package4">Select</a>\r\n							</div>\r\n						</article>\r\n					</div>\r\n				</div>\r\n			</div>\r\n		</div>\r\n	</div>\r\n	\r\n\r\n\r\n	         \r\n\r\n\r\n\r\n\r\n         \r\n\r\n\r\n\r\n\r\n</section>', 4, 1, 1, NULL),
(29, 'About Us', 'about-us', 'fullwidth.php', '', '', 4, 1, 1, NULL),
(30, 'Tour Packages', 'tour-packages', 'fullwidth.php', '', '', 4, 1, 1, NULL),
(31, 'Services', 'services', 'fullwidth.php', '', '', 4, 1, 1, NULL),
(32, 'Contact', 'contact', 'fullwidth.php', '', '	<section class="section-appender">\r\n	<div id="book-travel-form">\r\n		<div class="container">\r\n			<div class="row">\r\n				<div class="col-md-12">\r\n					<h1 class="text-only">Contact Us</h1>\r\n				</div>\r\n			</div>\r\n			<div class="row">\r\n				<form class="sd-form" method="post" data-toggle="validator" sd-form-title="Contact Form">\r\n					<div class="col-md-5 col-sm-5">\r\n						<div class="form-group">\r\n							<label for="inputFullname">First Name</label>\r\n							<input name="firstname" type="text" class="form-control" id="firstname" required>\r\n		              	</div>\r\n		              	<div class="form-group">\r\n							<label for="inputLastname">Last Name</label>\r\n							<input name="lastname" type="text" class="form-control" id="lastname" required>\r\n		              	</div>\r\n		              	<div class="form-group">\r\n							<label for="inputEmail">Email</label>\r\n							<input name="email" type="email" class="form-control" id="email" required>\r\n		              	</div>\r\n		              	<div class="form-group">\r\n							<label for="inputPhone">Phone</label>\r\n							<input name="phone" type="text" class="form-control" id="phone" required>\r\n		              	</div>\r\n					</div>\r\n					<div class="col-md-5 col-md-offset-2 col-sm-5 col-sm-offset-2">\r\n						<div class="form-group">\r\n							<label for="inputDepart">Message</label>\r\n							<textarea name="message" class="form-control"></textarea>\r\n		              	</div>\r\n		              	<button class="btn btn-primary" type="submit">Send</button>\r\n					</div>\r\n				</form>\r\n			</div>\r\n		</div>\r\n	</div>\r\n	\r\n\r\n\r\n	</section>', 4, 1, 1, NULL),
(33, 'Package1', 'package1', 'fullwidth.php', '', '', 4, 1, 0, NULL),
(34, 'Package2', 'package2', 'fullwidth.php', '', '', 4, 1, 0, NULL),
(35, 'Package3', 'package3', 'fullwidth.php', '', '', 4, 1, 0, NULL),
(36, 'Package4', 'package4', 'fullwidth.php', '', '', 4, 1, 0, NULL);
INSERT INTO `sd_pages` (`id`, `page_title`, `page_url`, `template_name`, `meta_description`, `page_content`, `theme_id`, `type`, `status`, `clone`) VALUES
(37, 'home', 'home', 'frontpage.php', '', '<section class="section-appender section-banner">\r\n	<div class="container">\r\n		<div class="row">	\r\n			<div class="col-md-12">\r\n				<div id="banner" class="carousel slide" data-ride="carousel">\r\n					<!-- Indicators -->\r\n					<ol class="carousel-indicators">\r\n						<li data-target="#banner" data-slide-to="0"></li>\r\n						<li data-target="#banner" data-slide-to="1" class="active"></li>\r\n						<li data-target="#banner" data-slide-to="2"></li>\r\n					</ol>\r\n\r\n					<!-- Wrapper for slides -->\r\n					<div class="carousel-inner">\r\n						<div class="item sd-image-container" style="background-image: url(''http://localhost/sprintdesign/sd-includes/themes/Store4/img/banner1.jpg'');"><button class="galleryShow cropit"><i class="fa fa-image"></i></button>\r\n							<div class="carousel-caption">\r\n								<div class="banner-text">\r\n									<h1 class="text-only">Save up to <span>75% off</span> shoes</h1>\r\n								</div>\r\n							</div>\r\n						</div>\r\n\r\n						<div class="item sd-image-container active" style="background-image: url(''http://localhost/sprintdesign/sd-includes/themes/Store4/img/banner2.jpg'');"><button class="galleryShow cropit"><i class="fa fa-image"></i></button>\r\n							<div class="carousel-caption">\r\n								<div class="banner-text">\r\n									<h1 class="text-only">Shop Online for Shoes</h1>\r\n								</div>\r\n							</div>\r\n						</div>\r\n\r\n						<div class="item sd-image-container" style="background-image: url(''http://localhost/sprintdesign/sd-includes/themes/Store4/img/banner3.jpg'');"><button class="galleryShow cropit"><i class="fa fa-image"></i></button>\r\n							<div class="carousel-caption">\r\n								<div class="banner-text">\r\n									<h1 class="text-only">New exclusive designer shoes</h1>\r\n								</div>\r\n							</div>\r\n						</div>\r\n\r\n					</div>\r\n				</div>\r\n			</div>\r\n		</div>\r\n	</div>\r\n	\r\n\r\n\r\n</section>\r\n<section class="section-appender">\r\n	<div class="welcome">\r\n		<div class="container">\r\n			<div class="row">\r\n				<div class="col-md-12">\r\n					<div class="text text-colored">\r\n						<h2 class="text-only">Welcome to</h2>\r\n						<h1 class="text-only">Company Name</h1>\r\n					</div>\r\n					<div class="content editable">\r\n						<p><span><img style="padding: 5px" align="left" src="http://localhost/sprintdesign/sd-includes/themes/Store4/img/welcome-photo.jpg"></span>This is Photoshop''s version  of Lorem Ipsum. Proin gravida nibh vel velit auctor aliquet. Aenean sollicitudin, lorem quis bibendum auctor, nisi elit consequat ipsum, nec sagittis sem nibh id elit. Duis sed odio sit amet nibh vulputate cursus a sit amet mauris. Morbi accumsan ipsum velit. Nam nec tellus a odio tincidunt auctor a ornare odio. Sed non  mauris vitaae erat consequat auctor eu in elit.</p>\r\n\r\n						<p>Class aptent taciti sociosqu ad litora torquent per conubia nostra, per inceptos himenaeos. Mauris in erat justo. Nullam ac urna eu felis dapibus condimentum sit amet a augue. Sed non neque elit. Sed ut imperdiet nisi. Proin condimentum fermentum nunc. Etiam pharetra, erat sed</p>\r\n\r\n						<p>This is Photoshop''s version  of Lorem Ipsum. Proin gravida nibh vel velit auctor aliquet. Aenean sollicitudin, lorem quis bibendum auctor, nisi elit consequat ipsum, nec sagittis sem nibh id elit. Duis sed odio sit amet nibh vulputate cursus a sit amet mauris. Morbi accumsan ipsum velit. Nam nec tellus a odio tincidunt auctor a ornare odio. Sed non  mauris vitaae erat consequat auctor eu in elit.</p>\r\n					</div>\r\n					<div class="editable">\r\n						<ul class="list-inline text-center">\r\n							<li><a href="javascript:void(0);" class="btn btn-about btn-default">MORE ABOUT US</a></li>\r\n							<li><a href="javascript:void(0);" class="btn btn-contact btn-default">CONTACT US</a></li>\r\n						</ul>\r\n					</div>\r\n				</div>\r\n			</div>\r\n		</div>\r\n	</div>\r\n	\r\n\r\n\r\n</section>\r\n<section class="section-appender colored-gallery">\r\n	<div class="best-meals">\r\n		<div class="container">\r\n			<div class="row no-gutters">\r\n					<div class="text text-colored">\r\n						<h2 class="text-only">Have a look on our</h2>\r\n						<h1 class="text-only">Best Products</h1>\r\n					</div>			\r\n				<div class="col-sm-4">\r\n					<div class="service-content cabinets" style="background-image: url(http://localhost/sprintdesign/sd-includes/themes/Store4/img/photo1.jpg)">\r\n					  <button class="galleryShow"><i class="fa fa-image"></i></button>\r\n						<!-- <div class="services-text">\r\n							<h1>Cabinets</h1>\r\n						</div> -->\r\n					</div>\r\n				</div>\r\n				<div class="col-sm-4">\r\n					<div class="service-content outdoor-tables" style="background-image: url(http://localhost/sprintdesign/sd-includes/themes/Store4/img/photo2.jpg)">\r\n					  <button class="galleryShow"><i class="fa fa-image"></i></button>\r\n						<!-- <div class="services-text">\r\n							<h1>Outdoor Tables</h1>\r\n						</div> -->\r\n					</div>\r\n				</div>\r\n				<div class="col-sm-4">\r\n					<div class="service-content table" style="background-image: url(http://localhost/sprintdesign/sd-includes/themes/Store4/img/photo3.jpg)">\r\n					  <button class="galleryShow"><i class="fa fa-image"></i></button>\r\n						<!-- <div class="services-text">\r\n							<h1>Table</h1>\r\n						</div> -->\r\n					</div>\r\n				</div>\r\n				<div class="col-sm-4">\r\n					<div class="service-content diner" style="background-image: url(http://localhost/sprintdesign/sd-includes/themes/Store4/img/photo4.jpg)">\r\n					  <button class="galleryShow"><i class="fa fa-image"></i></button>\r\n						<!-- <div class="services-text">\r\n							<h1>Diner</h1>\r\n						</div> -->\r\n					</div>\r\n				</div>\r\n				<div class="col-sm-4">\r\n					<div class="service-content chairs" style="background-image: url(http://localhost/sprintdesign/sd-includes/themes/Store4/img/photo5.jpg)">\r\n					  <button class="galleryShow"><i class="fa fa-image"></i></button>\r\n						<!-- <div class="services-text">\r\n							<h1>Chairs</h1>\r\n						</div> -->\r\n					</div>\r\n				</div>\r\n				<div class="col-sm-4">\r\n					<div class="service-content decor" style="background-image: url(http://localhost/sprintdesign/sd-includes/themes/Store4/img/photo6.jpg)">\r\n					  <button class="galleryShow"><i class="fa fa-image"></i></button>\r\n						<!-- <div class="services-text">\r\n							<h1>Decor</h1>\r\n						</div> -->\r\n					</div>\r\n				</div>\r\n			</div>\r\n		</div>\r\n	</div>\r\n	\r\n\r\n\r\n</section><section class="section-appender">\r\n	<div class="contact-form">\r\n		<div class="container">\r\n			<div class="row">\r\n				<div class="col-md-12">\r\n					<div class="text">\r\n						<h2>Let''s hear from you</h2>\r\n						<h1>Drop Us a line</h1>\r\n					</div>\r\n				</div>\r\n			</div>\r\n			<div class="box">\r\n				<form class="sd-form" method="post" sd-form-title="Contact Form" data-toggle="validator">\r\n				<div class="row">\r\n					<div class="col-md-6 col-xs-12 col-sm-6">\r\n						<div class="one-line">\r\n							<div class="form-group">\r\n								<label>First Name *</label>\r\n								<input type="text" class="form-control one-line" placeholder="John" id="fname" name="firstname" required>\r\n							</div>\r\n							<div class="form-group">\r\n								<label>Last Name *</label>\r\n								<input type="text" class="form-control one-line " placeholder="Doe" id="lname" name="lastname" required>\r\n			              	</div>\r\n						</div>\r\n		              	<div class="form-group">\r\n							<label>Company *</label>\r\n							<input type="text" class="form-control" placeholder="Bob''s Donuts" id="company" name="company" required>\r\n		              	</div>\r\n		              	<div class="form-group">\r\n							<label>Phone Number *</label>\r\n							<input type="text" class="form-control" placeholder="555-865-2908" id="number" name="contact" required>\r\n		              	</div>\r\n					</div>\r\n					<div class="col-md-6 col-xs-12 col-sm-6">\r\n						<div class="form-group">\r\n							<label>Email address *</label>\r\n							<input type="email" class="form-control" placeholder="bob@email.com" id="eaddress" name="email" required>\r\n						</div>\r\n						<div class="form-group">\r\n							<label>Message *</label>\r\n							<textarea class="form-control" placeholder="Type your message here" id="message" name="message" required></textarea>\r\n						</div>\r\n					</div>\r\n					<div class="col-md-12 text-center">\r\n						<button class="btn btn-primary" type="submit">Send</button>\r\n					</div>\r\n				</div>\r\n				</form>\r\n			</div>\r\n		</div>\r\n	</div>\r\n	\r\n\r\n\r\n</section>', 5, 1, 1, NULL),
(38, 'about us', 'about-us', 'fullwidth.php', '', '\r\n<section class="section-appender">\r\n	<div class="welcome">\r\n		<div class="container">\r\n			<div class="row">\r\n				<div class="col-md-12">\r\n					<div class="text text-colored">\r\n						<h2 class="text-only">Welcome to</h2>\r\n						<h1 class="text-only">Company Name</h1>\r\n					</div>\r\n					<div class="content editable">\r\n						<p><span><img style="padding: 5px" align="left" src="http://localhost/sprintdesign/sd-includes/themes/Store4/img/welcome-photo.jpg"></span>This is Photoshop''s version  of Lorem Ipsum. Proin gravida nibh vel velit auctor aliquet. Aenean sollicitudin, lorem quis bibendum auctor, nisi elit consequat ipsum, nec sagittis sem nibh id elit. Duis sed odio sit amet nibh vulputate cursus a sit amet mauris. Morbi accumsan ipsum velit. Nam nec tellus a odio tincidunt auctor a ornare odio. Sed non  mauris vitaae erat consequat auctor eu in elit.</p>\r\n\r\n						<p>Class aptent taciti sociosqu ad litora torquent per conubia nostra, per inceptos himenaeos. Mauris in erat justo. Nullam ac urna eu felis dapibus condimentum sit amet a augue. Sed non neque elit. Sed ut imperdiet nisi. Proin condimentum fermentum nunc. Etiam pharetra, erat sed</p>\r\n\r\n						<p>This is Photoshop''s version  of Lorem Ipsum. Proin gravida nibh vel velit auctor aliquet. Aenean sollicitudin, lorem quis bibendum auctor, nisi elit consequat ipsum, nec sagittis sem nibh id elit. Duis sed odio sit amet nibh vulputate cursus a sit amet mauris. Morbi accumsan ipsum velit. Nam nec tellus a odio tincidunt auctor a ornare odio. Sed non  mauris vitaae erat consequat auctor eu in elit.</p>\r\n					</div>\r\n					<div class="editable">\r\n						<ul class="list-inline text-center">\r\n							<li><a href="javascript:void(0);" class="btn btn-about btn-default">MORE ABOUT US</a></li>\r\n							<li><a href="javascript:void(0);" class="btn btn-contact btn-default">CONTACT US</a></li>\r\n						</ul>\r\n					</div>\r\n				</div>\r\n			</div>\r\n		</div>\r\n	</div>\r\n	\r\n\r\n\r\n</section>', 5, 1, 1, NULL),
(39, 'products', 'products', 'fullwidth.php', '', '\r\n<section class="section-appender">\r\n	<div class="welcome">\r\n		<div class="container">\r\n			<div class="row">\r\n				<div class="col-md-12">\r\n					<div class="text text-colored">\r\n						<h2 class="text-only">Welcome to</h2>\r\n						<h1 class="text-only">Company Name</h1>\r\n					</div>\r\n					<div class="content editable">\r\n						<p><span><img style="padding: 5px" align="left" src="http://localhost/sprintdesign/sd-includes/themes/Store4/img/welcome-photo.jpg"></span>This is Photoshop''s version  of Lorem Ipsum. Proin gravida nibh vel velit auctor aliquet. Aenean sollicitudin, lorem quis bibendum auctor, nisi elit consequat ipsum, nec sagittis sem nibh id elit. Duis sed odio sit amet nibh vulputate cursus a sit amet mauris. Morbi accumsan ipsum velit. Nam nec tellus a odio tincidunt auctor a ornare odio. Sed non  mauris vitaae erat consequat auctor eu in elit.</p>\r\n\r\n						<p>Class aptent taciti sociosqu ad litora torquent per conubia nostra, per inceptos himenaeos. Mauris in erat justo. Nullam ac urna eu felis dapibus condimentum sit amet a augue. Sed non neque elit. Sed ut imperdiet nisi. Proin condimentum fermentum nunc. Etiam pharetra, erat sed</p>\r\n\r\n						<p>This is Photoshop''s version  of Lorem Ipsum. Proin gravida nibh vel velit auctor aliquet. Aenean sollicitudin, lorem quis bibendum auctor, nisi elit consequat ipsum, nec sagittis sem nibh id elit. Duis sed odio sit amet nibh vulputate cursus a sit amet mauris. Morbi accumsan ipsum velit. Nam nec tellus a odio tincidunt auctor a ornare odio. Sed non  mauris vitaae erat consequat auctor eu in elit.</p>\r\n					</div>\r\n					<div class="editable">\r\n						<ul class="list-inline text-center">\r\n							<li><a href="javascript:void(0);" class="btn btn-about btn-default">MORE ABOUT US</a></li>\r\n							<li><a href="javascript:void(0);" class="btn btn-contact btn-default">CONTACT US</a></li>\r\n						</ul>\r\n					</div>\r\n				</div>\r\n			</div>\r\n		</div>\r\n	</div>\r\n	\r\n\r\n\r\n</section>', 5, 1, 1, NULL),
(40, 'contact us', 'contact-us', 'fullwidth.php', '', '\r\n<section class="section-appender">\r\n	<div class="welcome">\r\n		<div class="container">\r\n			<div class="row">\r\n				<div class="col-md-12">\r\n					<div class="text text-colored">\r\n						<h2 class="text-only">Welcome to</h2>\r\n						<h1 class="text-only">Company Name</h1>\r\n					</div>\r\n					<div class="content editable">\r\n						<p><span><img style="padding: 5px" align="left" src="http://localhost/sprintdesign/sd-includes/themes/Store4/img/welcome-photo.jpg"></span>This is Photoshop''s version  of Lorem Ipsum. Proin gravida nibh vel velit auctor aliquet. Aenean sollicitudin, lorem quis bibendum auctor, nisi elit consequat ipsum, nec sagittis sem nibh id elit. Duis sed odio sit amet nibh vulputate cursus a sit amet mauris. Morbi accumsan ipsum velit. Nam nec tellus a odio tincidunt auctor a ornare odio. Sed non  mauris vitaae erat consequat auctor eu in elit.</p>\r\n\r\n						<p>Class aptent taciti sociosqu ad litora torquent per conubia nostra, per inceptos himenaeos. Mauris in erat justo. Nullam ac urna eu felis dapibus condimentum sit amet a augue. Sed non neque elit. Sed ut imperdiet nisi. Proin condimentum fermentum nunc. Etiam pharetra, erat sed</p>\r\n\r\n						<p>This is Photoshop''s version  of Lorem Ipsum. Proin gravida nibh vel velit auctor aliquet. Aenean sollicitudin, lorem quis bibendum auctor, nisi elit consequat ipsum, nec sagittis sem nibh id elit. Duis sed odio sit amet nibh vulputate cursus a sit amet mauris. Morbi accumsan ipsum velit. Nam nec tellus a odio tincidunt auctor a ornare odio. Sed non  mauris vitaae erat consequat auctor eu in elit.</p>\r\n					</div>\r\n					<div class="editable">\r\n						<ul class="list-inline text-center">\r\n							<li><a href="javascript:void(0);" class="btn btn-about btn-default">MORE ABOUT US</a></li>\r\n							<li><a href="javascript:void(0);" class="btn btn-contact btn-default">CONTACT US</a></li>\r\n						</ul>\r\n					</div>\r\n				</div>\r\n			</div>\r\n		</div>\r\n	</div>\r\n	\r\n\r\n\r\n</section>', 5, 1, 1, NULL),
(41, 'Promo', 'promo', 'fullwidth.php', '', '<section class="ui-state-default section-appender">\r\n	<div class="container three-circimage">\r\n		<div class="row">\r\n		    <h1 class="text-only sd-content-title" id="mce_33">Section Title</h1>\r\n			\r\n				<div class="col-md-4 col-sm-4 col-xs-12 sd-col-content">\r\n					<div style="background-image:url(http://design.sprintdesignsph.com/furniture1/wp-content/uploads/2016/07/img01-1.jpg)" class="sd-image-container circleimg"><button class="galleryShow cropit"><i class="fa fa-image"></i></button></div>\r\n				  <div class="editable" id="mce_34"><p>Lorem Ipsum is simply dummy text of the printing and typesetting industry. Lorem Ipsum has been the industry''s standard dummy text ever since the 1500s, when an unknown printer took a galley of type and scrambled it to make a type specimen book.</p></div>\r\n				</div>\r\n				<div class="col-md-4 col-sm-4 col-xs-12 sd-col-content">\r\n					<div style="background-image:url(http://design.sprintdesignsph.com/furniture1/wp-content/uploads/2016/07/img01-1.jpg)" class="sd-image-container circleimg"><button class="galleryShow cropit"><i class="fa fa-image"></i></button></div>\r\n				  <div class="editable" id="mce_35"><p>Lorem Ipsum is simply dummy text of the printing and typesetting industry. Lorem Ipsum has been the industry''s standard dummy text ever since the 1500s, when an unknown printer took a galley of type and scrambled it to make a type specimen book.</p></div>\r\n				</div>\r\n				<div class="col-md-4 col-sm-4 col-xs-12 sd-col-content">\r\n					<div style="background-image:url(http://design.sprintdesignsph.com/furniture1/wp-content/uploads/2016/07/img01-1.jpg)" class="sd-image-container circleimg"><button class="galleryShow cropit"><i class="fa fa-image"></i></button></div>\r\n				  <div class="editable" id="mce_36"><p>Lorem Ipsum is simply dummy text of the printing and typesetting industry. Lorem Ipsum has been the industry''s standard dummy text ever since the 1500s, when an unknown printer took a galley of type and scrambled it to make a type specimen book.</p></div>\r\n				</div>\r\n			\r\n		</div>\r\n	</div>\r\n	         \r\n\r\n\r\n\r\n\r\n</section><section class="ui-state-default section-appender">\r\n	<div class="container three-circimage">\r\n		<div class="row">\r\n		    <h1 class="text-only sd-content-title" id="mce_5">Section Title</h1>\r\n			\r\n				<div class="col-md-4 col-sm-4 col-xs-12 sd-col-content">\r\n					<div style="background-image:url(http://design.sprintdesignsph.com/furniture1/wp-content/uploads/2016/07/img01-1.jpg)" class="sd-image-container circleimg"><button class="galleryShow cropit"><i class="fa fa-image"></i></button></div>\r\n				  <div class="editable" id="mce_6"><p>Lorem Ipsum is simply dummy text of the printing and typesetting industry. Lorem Ipsum has been the industry''s standard dummy text ever since the 1500s, when an unknown printer took a galley of type and scrambled it to make a type specimen book.</p></div>\r\n				</div>\r\n				<div class="col-md-4 col-sm-4 col-xs-12 sd-col-content">\r\n					<div style="background-image:url(http://design.sprintdesignsph.com/furniture1/wp-content/uploads/2016/07/img01-1.jpg)" class="sd-image-container circleimg"><button class="galleryShow cropit"><i class="fa fa-image"></i></button></div>\r\n				  <div class="editable" id="mce_23"><p>Lorem Ipsum is simply dummy text of the printing and typesetting industry. Lorem Ipsum has been the industry''s standard dummy text ever since the 1500s, when an unknown printer took a galley of type and scrambled it to make a type specimen book.</p></div>\r\n				</div>\r\n				<div class="col-md-4 col-sm-4 col-xs-12 sd-col-content">\r\n					<div style="background-image:url(http://design.sprintdesignsph.com/furniture1/wp-content/uploads/2016/07/img01-1.jpg)" class="sd-image-container circleimg"><button class="galleryShow cropit"><i class="fa fa-image"></i></button></div>\r\n				  <div class="editable" id="mce_24"><p>Lorem Ipsum is simply dummy text of the printing and typesetting industry. Lorem Ipsum has been the industry''s standard dummy text ever since the 1500s, when an unknown printer took a galley of type and scrambled it to make a type specimen book.</p></div>\r\n				</div>\r\n			\r\n		</div>\r\n	</div>\r\n	         \r\n\r\n\r\n\r\n\r\n</section>', 5, 1, 1, NULL),
(42, 'Home', 'home', 'frontpage.php', '', '	<section class="section-appender">\r\n	<div id="banner">\r\n		<div class="container">\r\n			<div class="row">\r\n				<div class="col-md-12">\r\n					<div class="banner-text">\r\n						<h1><span class=''_sd-editable-text text-only'' id=''_header1''>We Made the world</span></h1>\r\n						<h2><span><span class=''_sd-editable-text text-only'' id=''_header2''>So small</span></span></h2>\r\n						<h3><span class=''_sd-editable-text text-only'' id=''_header3''>that you can travel through it in a click</span></h3>\r\n					</div>\r\n					<div class="banner-btn">\r\n						<a href="{base_url}contact" class="btn btn-primary">Start Now</a>\r\n					</div>\r\n				</div>\r\n			</div>\r\n		</div>\r\n	</div>\r\n	<div id="packages">\r\n		<div class="container">\r\n			<div class="row">\r\n				<div class="col-md-3 col-sm-3">\r\n					<article class="package">\r\n						<figure class="package__img sd-image-container" style="background-image: url(''http://localhost/sprintdesign/sd-includes/themes/Travel11/img/package01.jpg'');"><button class="galleryShow cropit"><i class="fa fa-image"></i></button>\r\n							<figcaption><span class=''_sd-editable-text text-only'' id=''_package1''>Tokyo</span></figcaption>\r\n						</figure>\r\n						<div class="package__details">\r\n							<h1 class="h4"><span class=''_sd-editable-text text-only'' id=''_package1_days''>4 days / 3 nights Package</span></h1>\r\n							<h2 class="h3"><span class=''_sd-editable-text text-only'' id=''_package1_price''>Php 16,294</span><br> <span class="text-only">Per Month</span></h2>\r\n							<p><span class=''_sd-editable-text text-only'' id=''_package1_info''>3 months at 0% interest for <br>October 28-31, 2016</span></p>\r\n							<a href="{base_url}package1">Select</a>\r\n						</div>\r\n					</article>\r\n				</div>\r\n				<div class="col-md-3 col-sm-3">\r\n					<article class="package">\r\n						<figure class="package__img sd-image-container" style="background-image: url(''http://localhost/sprintdesign/sd-includes/themes/Travel11/img/package02.jpg'');"><button class="galleryShow cropit"><i class="fa fa-image"></i></button>\r\n							<figcaption><span class=''_sd-editable-text text-only'' id=''_package2''>Bali</span></figcaption>\r\n						</figure>\r\n						<div class="package__details">\r\n							<h1 class="h4"><span class=''_sd-editable-text text-only'' id=''_package2_days''>4 days / 3 nights Package</span></h1>\r\n							<h2 class="h3"><span class=''_sd-editable-text text-only'' id=''_package2_price''>Php 16,294</span><br> <span class="text-only">Per Month</span></h2>\r\n							<p><span class=''_sd-editable-text text-only'' id=''_package2_info''>3 months at 0% interest for <br>October 28-31, 2016</span></p>\r\n							<a href="{base_url}package2">Select</a>\r\n						</div>\r\n					</article>\r\n				</div>\r\n				<div class="col-md-3 col-sm-3">\r\n					<article class="package">\r\n						<figure class="package__img sd-image-container" style="background-image: url(''http://localhost/sprintdesign/sd-includes/themes/Travel11/img/package03.jpg'');"><button class="galleryShow cropit"><i class="fa fa-image"></i></button>\r\n							<figcaption><span class=''_sd-editable-text text-only'' id=''_package3''>Bangkok</span></figcaption>\r\n						</figure>\r\n						<div class="package__details">\r\n							<h1 class="h4"><span class=''_sd-editable-text text-only'' id=''_package3_days''>4 days / 3 nights Package</span></h1>\r\n							<h2 class="h3"><span class=''_sd-editable-text text-only'' id=''_package3_price''>Php 16,294</span><br> <span class="text-only">Per Month</span></h2>\r\n							<p><span class=''_sd-editable-text text-only'' id=''_package3_info''>3 months at 0% interest for <br>October 28-31, 2016</span></p>\r\n							<a href="{base_url}package3">Select</a>\r\n						</div>\r\n					</article>\r\n				</div>\r\n				<div class="col-md-3 col-sm-3">\r\n					<article class="package">\r\n						<figure class="package__img sd-image-container" style="background-image: url(''http://localhost/sprintdesign/sd-includes/themes/Travel11/img/package04.jpg'');"><button class="galleryShow cropit"><i class="fa fa-image"></i></button>\r\n							<figcaption><span class=''_sd-editable-text text-only'' id=''_package4''>Disney Land</span></figcaption>\r\n						</figure>\r\n						<div class="package__details">\r\n							<h1 class="h4"><span class=''_sd-editable-text text-only'' id=''_package4_days''>4 days / 3 nights Package</span></h1>\r\n							<h2 class="h3"><span class=''_sd-editable-text text-only'' id=''_package4_price''>Php 16,294</span><br> <span class="text-only">Per Month</span></h2>\r\n							<p><span class=''_sd-editable-text text-only'' id=''_package4_info''>3 months at 0% interest for October 28-31, 2016</span></p>\r\n							<a href="{base_url}package4">Select</a>\r\n						</div>\r\n					</article>\r\n				</div>\r\n			</div>\r\n		</div>\r\n	</div>\r\n	\r\n\r\n\r\n	</section>\r\n	<section class="section-appender">\r\n	<div id="book-travel-form">\r\n		<div class="container">\r\n			<div class="row">\r\n				<div class="col-md-12">\r\n					<h1 class="text-only">Book your travel</h1>\r\n				</div>\r\n			</div>\r\n			<div class="row">\r\n				<form class="sd-form" method="post" data-toggle="validator" sd-form-title="Booking Form">\r\n					<div class="col-md-5 col-sm-5">\r\n						<div class="form-group">\r\n							<label for="inputFullname">First Name</label>\r\n							<input name="firstname" type="text" class="form-control" id="firstname" required>\r\n		              	</div>\r\n		              	<div class="form-group">\r\n							<label for="inputLastname">Last Name</label>\r\n							<input name="lastname" type="text" class="form-control" id="lastname" required>\r\n		              	</div>\r\n		              	<div class="form-group">\r\n							<label for="inputEmail">Email</label>\r\n							<input name="email" type="email" class="form-control" id="email" required>\r\n		              	</div>\r\n		              	<div class="form-group">\r\n							<label for="inputPhone">Phone</label>\r\n							<input name="phone" type="text" class="form-control" id="phone" required>\r\n		              	</div>\r\n					</div>\r\n					<div class="col-md-5 col-md-offset-2 col-sm-5 col-sm-offset-2">\r\n						<div class="form-group">\r\n							<label for="inputDepart">Departure Date</label>\r\n							<input name="departure_date" type="text" class="form-control sd-date" id="departure" required>\r\n		              	</div>\r\n		              	<div class="radio">\r\n							<label><input type="radio" name="trip_type" value="One-way" required>One-way</label>\r\n						</div>\r\n						<div class="radio">\r\n						  	<label><input type="radio" name="trip_type" value="Round Trip" required>Round Trip</label>\r\n						</div>\r\n		              	<div class="form-group">\r\n							<label for="inputReturn">Return Date</label>\r\n							<input name="return_date" type="text" class="form-control sd-date" id="return" required>\r\n		              	</div>\r\n		              	<button class="btn btn-primary" type="submit">Book Now!</button>\r\n					</div>\r\n				</form>\r\n			</div>\r\n		</div>\r\n	</div>\r\n	\r\n\r\n\r\n	</section>', 6, 1, 1, NULL),
(43, 'About Us', 'about-us', 'fullwidth.php', '', '', 6, 1, 1, NULL),
(44, 'Packages', 'packages', 'fullwidth.php', '', '', 6, 1, 1, NULL),
(45, 'Services', 'services', 'fullwidth.php', '', '', 6, 1, 1, NULL),
(46, 'Contact', 'contact', 'fullwidth.php', '', '	<section class="section-appender">\r\n	<div id="book-travel-form">\r\n		<div class="container">\r\n			<div class="row">\r\n				<div class="col-md-12">\r\n					<h1 class="text-only">Contact Us</h1>\r\n				</div>\r\n			</div>\r\n			<div class="row">\r\n				<form class="sd-form" method="post" data-toggle="validator" sd-form-title="Contact Form">\r\n					<div class="col-md-5 col-sm-5">\r\n						<div class="form-group">\r\n							<label for="inputFullname">First Name</label>\r\n							<input name="firstname" type="text" class="form-control" id="firstname" required>\r\n		              	</div>\r\n		              	<div class="form-group">\r\n							<label for="inputLastname">Last Name</label>\r\n							<input name="lastname" type="text" class="form-control" id="lastname" required>\r\n		              	</div>\r\n		              	<div class="form-group">\r\n							<label for="inputEmail">Email</label>\r\n							<input name="email" type="email" class="form-control" id="email" required>\r\n		              	</div>\r\n		              	<div class="form-group">\r\n							<label for="inputPhone">Phone</label>\r\n							<input name="phone" type="text" class="form-control" id="phone" required>\r\n		              	</div>\r\n					</div>\r\n					<div class="col-md-5 col-md-offset-2 col-sm-5 col-sm-offset-2">\r\n						<div class="form-group">\r\n							<label for="inputDepart">Message</label>\r\n							<textarea name="message" class="form-control"></textarea>\r\n		              	</div>\r\n		              	<button class="btn btn-primary" type="submit">Send</button>\r\n					</div>\r\n				</form>\r\n			</div>\r\n		</div>\r\n	</div>\r\n	\r\n\r\n\r\n	</section>', 6, 1, 1, NULL),
(47, 'Package1', 'package1', 'fullwidth.php', '', '', 6, 1, 1, NULL),
(48, 'Package2', 'package2', 'fullwidth.php', '', '', 6, 1, 1, NULL),
(49, 'Package3', 'package3', 'fullwidth.php', '', '', 6, 1, 0, NULL),
(50, 'Package4', 'package4', 'fullwidth.php', '', '', 6, 1, 0, NULL),
(51, 'home', 'home', 'frontpage.php', '', '<section class="section-appender section-banner">\r\n	<div class="container">\r\n		<div class="row">	\r\n			<div class="col-md-12">\r\n				<div id="banner" class="carousel slide" data-ride="carousel">\r\n					<!-- Indicators -->\r\n					<ol class="carousel-indicators">\r\n						<li data-target="#banner" data-slide-to="0" class="active"></li>\r\n						<li data-target="#banner" data-slide-to="1"></li>\r\n						<li data-target="#banner" data-slide-to="2"></li>\r\n					</ol>\r\n\r\n					<!-- Wrapper for slides -->\r\n					<div class="carousel-inner">\r\n						<div class="item active sd-image-container" style="background-image: url(''http://localhost/sprintdesign/sd-includes/themes/Food8/img/banner1.jpg'');"><button class="galleryShow cropit"><i class="fa fa-image"></i></button>\r\n							<!--<img src="http://localhost/sprintdesign/sd-includes/themes/Food3/img/banner-food-resto.jpg" alt="Well Crafted Dishes, Satisfactory Meal">-->\r\n							<div class="carousel-caption">\r\n								<div class="banner-text">\r\n									<h1 class="text-only">Well Crafted <span>Dishes,</span> Satisfactory Meal.</h1>\r\n								</div>\r\n							</div>\r\n						</div>\r\n\r\n						<div class="item sd-image-container" style="background-image: url(''http://localhost/sprintdesign/sd-includes/themes/Food8/img/banner2.jpg'');"><button class="galleryShow cropit"><i class="fa fa-image"></i></button>\r\n							<!--<img src="http://localhost/sprintdesign/sd-includes/themes/Food3/img/banner-food-resto.jpg" alt="Well Crafted Dishes, Satisfactory Meal">-->\r\n							<div class="carousel-caption">\r\n								<div class="banner-text">\r\n									<h1 class="text-only">Well Crafted <span>Dishes,</span> Satisfactory Meal.</h1>\r\n								</div>\r\n							</div>\r\n						</div>\r\n\r\n						<div class="item sd-image-container" style="background-image: url(''http://localhost/sprintdesign/sd-includes/themes/Food8/img/banner3.jpg'');"><button class="galleryShow cropit"><i class="fa fa-image"></i></button>\r\n							<!--<img src="http://localhost/sprintdesign/sd-includes/themes/Food3/img/banner-food-resto.jpg" alt="Well Crafted Dishes, Satisfactory Meal">-->\r\n							<div class="carousel-caption">\r\n								<div class="banner-text">\r\n									<h1 class="text-only">Well Crafted <span>Dishes,</span> Satisfactory Meal.</h1>\r\n								</div>\r\n							</div>\r\n						</div>\r\n\r\n					</div>\r\n				</div>\r\n			</div>\r\n		</div>\r\n	</div>\r\n	\r\n\r\n\r\n</section><section class="section-appender">\r\n	<div class="welcome">\r\n		<div class="container">\r\n			<div class="row">\r\n				<div class="col-md-12">\r\n					<div class="text text-colored">\r\n						<h2 class="text-only">Welcome to</h2>\r\n						<h1 class="text-only">Company Name</h1>\r\n					</div>\r\n					<div class="content editable">\r\n						<p><span><img style="padding: 5px" align="left" src="http://localhost/sprintdesign/sd-includes/themes/Food8/img/dreamstime.png"></span>This is Photoshop''s version  of Lorem Ipsum. Proin gravida nibh vel velit auctor aliquet. Aenean sollicitudin, lorem quis bibendum auctor, nisi elit consequat ipsum, nec sagittis sem nibh id elit. Duis sed odio sit amet nibh vulputate cursus a sit amet mauris. Morbi accumsan ipsum velit. Nam nec tellus a odio tincidunt auctor a ornare odio. Sed non  mauris vitaae erat consequat auctor eu in elit.</p>\r\n\r\n						<p>Class aptent taciti sociosqu ad litora torquent per conubia nostra, per inceptos himenaeos. Mauris in erat justo. Nullam ac urna eu felis dapibus condimentum sit amet a augue. Sed non neque elit. Sed ut imperdiet nisi. Proin condimentum fermentum nunc. Etiam pharetra, erat sed</p>\r\n\r\n						<p>This is Photoshop''s version  of Lorem Ipsum. Proin gravida nibh vel velit auctor aliquet. Aenean sollicitudin, lorem quis bibendum auctor, nisi elit consequat ipsum, nec sagittis sem nibh id elit. Duis sed odio sit amet nibh vulputate cursus a sit amet mauris. Morbi accumsan ipsum velit. Nam nec tellus a odio tincidunt auctor a ornare odio. Sed non  mauris vitaae erat consequat auctor eu in elit.</p>\r\n					</div>\r\n					<div class="editable">\r\n						<ul class="list-inline text-center">\r\n							<li><a href="javascript:void(0);" class="btn btn-about btn-default">MORE ABOUT US</a></li>\r\n							<li><a href="javascript:void(0);" class="btn btn-contact btn-default">CONTACT US</a></li>\r\n						</ul>\r\n					</div>\r\n				</div>\r\n			</div>\r\n		</div>\r\n	</div>\r\n	\r\n\r\n\r\n</section><section class="section-appender colored-gallery">\r\n	<div class="best-meals">\r\n		<div class="container">\r\n			<div class="row no-gutters">\r\n					<div class="text text-colored" style="margin-bottom: 10px">\r\n						<h2 class="text-only">Have a look on our</h2>\r\n						<h1 class="text-only">Best Tasting Meals</h1>\r\n					</div>			\r\n				<div class="col-sm-4">\r\n					<div class="service-content cabinets" style="background-image: url(http://localhost/sprintdesign/sd-includes/themes/Food8/img/food1.png)">\r\n					  <button class="galleryShow"><i class="fa fa-image"></i></button>\r\n						<!-- <div class="services-text">\r\n							<h1>Cabinets</h1>\r\n						</div> -->\r\n					</div>\r\n				</div>\r\n				<div class="col-sm-4">\r\n					<div class="service-content outdoor-tables" style="background-image: url(http://localhost/sprintdesign/sd-includes/themes/Food8/img/food2.png)">\r\n					  <button class="galleryShow"><i class="fa fa-image"></i></button>\r\n						<!-- <div class="services-text">\r\n							<h1>Outdoor Tables</h1>\r\n						</div> -->\r\n					</div>\r\n				</div>\r\n				<div class="col-sm-4">\r\n					<div class="service-content table" style="background-image: url(http://localhost/sprintdesign/sd-includes/themes/Food8/img/food3.png)">\r\n					  <button class="galleryShow"><i class="fa fa-image"></i></button>\r\n						<!-- <div class="services-text">\r\n							<h1>Table</h1>\r\n						</div> -->\r\n					</div>\r\n				</div>\r\n				<div class="col-sm-4">\r\n					<div class="service-content diner" style="background-image: url(http://localhost/sprintdesign/sd-includes/themes/Food8/img/food4.png)">\r\n					  <button class="galleryShow"><i class="fa fa-image"></i></button>\r\n						<!-- <div class="services-text">\r\n							<h1>Diner</h1>\r\n						</div> -->\r\n					</div>\r\n				</div>\r\n				<div class="col-sm-4">\r\n					<div class="service-content chairs" style="background-image: url(http://localhost/sprintdesign/sd-includes/themes/Food8/img/food5.png)">\r\n					  <button class="galleryShow"><i class="fa fa-image"></i></button>\r\n						<!-- <div class="services-text">\r\n							<h1>Chairs</h1>\r\n						</div> -->\r\n					</div>\r\n				</div>\r\n				<div class="col-sm-4">\r\n					<div class="service-content decor" style="background-image: url(http://localhost/sprintdesign/sd-includes/themes/Food8/img/food6.png)">\r\n					  <button class="galleryShow"><i class="fa fa-image"></i></button>\r\n						<!-- <div class="services-text">\r\n							<h1>Decor</h1>\r\n						</div> -->\r\n					</div>\r\n				</div>\r\n			</div>\r\n		</div>\r\n	</div>\r\n	\r\n\r\n\r\n</section><section class="section-appender">\r\n	<div class="contact-form">\r\n		<div class="container">\r\n			<div class="row">\r\n				<div class="col-md-12">\r\n					<div class="text">\r\n						<h2>Let''s hear from you</h2>\r\n						<h1>Drop Us a line</h1>\r\n					</div>\r\n				</div>\r\n			</div>\r\n			<div class="box">\r\n				<form class="sd-form" method="post" sd-form-title="Contact Form" data-toggle="validator">\r\n				<div class="row">\r\n					<div class="col-md-6 col-xs-12 col-sm-6">\r\n						<div class="one-line">\r\n							<div class="form-group">\r\n								<label>First Name *</label>\r\n								<input type="text" class="form-control one-line" placeholder="John" id="fname" name="firstname" required>\r\n							</div>\r\n							<div class="form-group">\r\n								<label>Last Name *</label>\r\n								<input type="text" class="form-control one-line " placeholder="Doe" id="lname" name="lastname" required>\r\n			              	</div>\r\n						</div>\r\n		              	<div class="form-group">\r\n							<label>Company *</label>\r\n							<input type="text" class="form-control" placeholder="Bob''s Donuts" id="company" name="company" required>\r\n		              	</div>\r\n		              	<div class="form-group">\r\n							<label>Phone Number *</label>\r\n							<input type="text" class="form-control" placeholder="555-865-2908" id="number" name="contact" required>\r\n		              	</div>\r\n					</div>\r\n					<div class="col-md-6 col-xs-12 col-sm-6">\r\n						<div class="form-group">\r\n							<label>Email address *</label>\r\n							<input type="email" class="form-control" placeholder="bob@email.com" id="eaddress" name="email" required>\r\n						</div>\r\n						<div class="form-group">\r\n							<label>Message *</label>\r\n							<textarea class="form-control" placeholder="Type your message here" id="message" name="message" required></textarea>\r\n						</div>\r\n					</div>\r\n					<div class="col-md-12 text-center">\r\n						<button class="btn btn-primary" type="submit">Send</button>\r\n					</div>\r\n				</div>\r\n				</form>\r\n			</div>\r\n		</div>\r\n	</div>\r\n	\r\n\r\n\r\n</section>', 7, 1, 1, NULL),
(52, 'about us', 'about-us', 'fullwidth.php', '', '<section class="section-appender">\r\n	<div class="welcome">\r\n		<div class="container">\r\n			<div class="row">\r\n				<div class="col-md-12">\r\n					<div class="text text-colored">\r\n						<h2 class="text-only">Welcome to</h2>\r\n						<h1 class="text-only">Company Name</h1>\r\n					</div>\r\n					<div class="content editable">\r\n						<p><span><img style="padding: 5px" align="left" src="http://localhost/sprintdesign/sd-includes/themes/Food8/img/dreamstime.png"></span>This is Photoshop''s version  of Lorem Ipsum. Proin gravida nibh vel velit auctor aliquet. Aenean sollicitudin, lorem quis bibendum auctor, nisi elit consequat ipsum, nec sagittis sem nibh id elit. Duis sed odio sit amet nibh vulputate cursus a sit amet mauris. Morbi accumsan ipsum velit. Nam nec tellus a odio tincidunt auctor a ornare odio. Sed non  mauris vitaae erat consequat auctor eu in elit.</p>\r\n\r\n						<p>Class aptent taciti sociosqu ad litora torquent per conubia nostra, per inceptos himenaeos. Mauris in erat justo. Nullam ac urna eu felis dapibus condimentum sit amet a augue. Sed non neque elit. Sed ut imperdiet nisi. Proin condimentum fermentum nunc. Etiam pharetra, erat sed</p>\r\n\r\n						<p>This is Photoshop''s version  of Lorem Ipsum. Proin gravida nibh vel velit auctor aliquet. Aenean sollicitudin, lorem quis bibendum auctor, nisi elit consequat ipsum, nec sagittis sem nibh id elit. Duis sed odio sit amet nibh vulputate cursus a sit amet mauris. Morbi accumsan ipsum velit. Nam nec tellus a odio tincidunt auctor a ornare odio. Sed non  mauris vitaae erat consequat auctor eu in elit.</p>\r\n					</div>\r\n					<div class="editable">\r\n						<ul class="list-inline text-center">\r\n							<li><a href="javascript:void(0);" class="btn btn-about btn-default">MORE ABOUT US</a></li>\r\n							<li><a href="javascript:void(0);" class="btn btn-contact btn-default">CONTACT US</a></li>\r\n						</ul>\r\n					</div>\r\n				</div>\r\n			</div>\r\n		</div>\r\n	</div>\r\n	\r\n\r\n\r\n</section>', 7, 1, 1, NULL),
(53, 'services', 'services', 'fullwidth.php', '', '<section class="section-appender">\r\n	<div class="welcome">\r\n		<div class="container">\r\n			<div class="row">\r\n				<div class="col-md-12">\r\n					<div class="text text-colored">\r\n						<h2 class="text-only">Welcome to</h2>\r\n						<h1 class="text-only">Company Name</h1>\r\n					</div>\r\n					<div class="content editable">\r\n						<p><span><img style="padding: 5px" align="left" src="http://localhost/sprintdesign/sd-includes/themes/Food8/img/dreamstime.png"></span>This is Photoshop''s version  of Lorem Ipsum. Proin gravida nibh vel velit auctor aliquet. Aenean sollicitudin, lorem quis bibendum auctor, nisi elit consequat ipsum, nec sagittis sem nibh id elit. Duis sed odio sit amet nibh vulputate cursus a sit amet mauris. Morbi accumsan ipsum velit. Nam nec tellus a odio tincidunt auctor a ornare odio. Sed non  mauris vitaae erat consequat auctor eu in elit.</p>\r\n\r\n						<p>Class aptent taciti sociosqu ad litora torquent per conubia nostra, per inceptos himenaeos. Mauris in erat justo. Nullam ac urna eu felis dapibus condimentum sit amet a augue. Sed non neque elit. Sed ut imperdiet nisi. Proin condimentum fermentum nunc. Etiam pharetra, erat sed</p>\r\n\r\n						<p>This is Photoshop''s version  of Lorem Ipsum. Proin gravida nibh vel velit auctor aliquet. Aenean sollicitudin, lorem quis bibendum auctor, nisi elit consequat ipsum, nec sagittis sem nibh id elit. Duis sed odio sit amet nibh vulputate cursus a sit amet mauris. Morbi accumsan ipsum velit. Nam nec tellus a odio tincidunt auctor a ornare odio. Sed non  mauris vitaae erat consequat auctor eu in elit.</p>\r\n					</div>\r\n					<div class="editable">\r\n						<ul class="list-inline text-center">\r\n							<li><a href="javascript:void(0);" class="btn btn-about btn-default">MORE ABOUT US</a></li>\r\n							<li><a href="javascript:void(0);" class="btn btn-contact btn-default">CONTACT US</a></li>\r\n						</ul>\r\n					</div>\r\n				</div>\r\n			</div>\r\n		</div>\r\n	</div>\r\n	\r\n\r\n\r\n</section>', 7, 1, 1, NULL),
(54, 'contact us', 'contact-us', 'fullwidth.php', '', '<section class="section-appender">\r\n	<div class="welcome">\r\n		<div class="container">\r\n			<div class="row">\r\n				<div class="col-md-12">\r\n					<div class="text text-colored">\r\n						<h2 class="text-only">Welcome to</h2>\r\n						<h1 class="text-only">Company Name</h1>\r\n					</div>\r\n					<div class="content editable">\r\n						<p><span><img style="padding: 5px" align="left" src="http://localhost/sprintdesign/sd-includes/themes/Food8/img/dreamstime.png"></span>This is Photoshop''s version  of Lorem Ipsum. Proin gravida nibh vel velit auctor aliquet. Aenean sollicitudin, lorem quis bibendum auctor, nisi elit consequat ipsum, nec sagittis sem nibh id elit. Duis sed odio sit amet nibh vulputate cursus a sit amet mauris. Morbi accumsan ipsum velit. Nam nec tellus a odio tincidunt auctor a ornare odio. Sed non  mauris vitaae erat consequat auctor eu in elit.</p>\r\n\r\n						<p>Class aptent taciti sociosqu ad litora torquent per conubia nostra, per inceptos himenaeos. Mauris in erat justo. Nullam ac urna eu felis dapibus condimentum sit amet a augue. Sed non neque elit. Sed ut imperdiet nisi. Proin condimentum fermentum nunc. Etiam pharetra, erat sed</p>\r\n\r\n						<p>This is Photoshop''s version  of Lorem Ipsum. Proin gravida nibh vel velit auctor aliquet. Aenean sollicitudin, lorem quis bibendum auctor, nisi elit consequat ipsum, nec sagittis sem nibh id elit. Duis sed odio sit amet nibh vulputate cursus a sit amet mauris. Morbi accumsan ipsum velit. Nam nec tellus a odio tincidunt auctor a ornare odio. Sed non  mauris vitaae erat consequat auctor eu in elit.</p>\r\n					</div>\r\n					<div class="editable">\r\n						<ul class="list-inline text-center">\r\n							<li><a href="javascript:void(0);" class="btn btn-about btn-default">MORE ABOUT US</a></li>\r\n							<li><a href="javascript:void(0);" class="btn btn-contact btn-default">CONTACT US</a></li>\r\n						</ul>\r\n					</div>\r\n				</div>\r\n			</div>\r\n		</div>\r\n	</div>\r\n	\r\n\r\n\r\n</section>', 7, 1, 1, NULL),
(55, 'sub page', 'sub-page', 'fullwidth.php', '', '', 7, 1, 1, NULL),
(59, 'CEO''s Message', 'ceos-message', 'fullwidth.php', '', '<section class="section-appender">\r\n	<div id="book-travel-form">\r\n		<div class="container">\r\n			<div class="row">\r\n				<div class="col-md-12">\r\n					<h1 class="text-only" id="mce_4">Book your travel</h1>\r\n				</div>\r\n			</div>\r\n			<div class="row">\r\n				<form class="sd-form" method="post" data-toggle="validator" sd-form-title="Booking Form">\r\n					<div class="col-md-5 col-sm-5">\r\n						<div class="form-group">\r\n							<label for="inputFullname">First Name</label>\r\n							<input name="firstname" class="form-control" id="firstname" required="" type="text">\r\n		              	</div>\r\n		              	<div class="form-group">\r\n							<label for="inputLastname">Last Name</label>\r\n							<input name="lastname" class="form-control" id="lastname" required="" type="text">\r\n		              	</div>\r\n		              	<div class="form-group">\r\n							<label for="inputEmail">Email</label>\r\n							<input name="email" class="form-control" id="email" required="" type="email">\r\n		              	</div>\r\n		              	<div class="form-group">\r\n							<label for="inputPhone">Phone</label>\r\n							<input name="phone" class="form-control" id="phone" required="" type="text">\r\n		              	</div>\r\n					</div>\r\n					<div class="col-md-5 col-md-offset-2 col-sm-5 col-sm-offset-2">\r\n						<div class="form-group">\r\n							<label for="inputDepart">Departure Date</label>\r\n							<input name="departure_date" class="form-control sd-date" id="departure" required="" type="text">\r\n		              	</div>\r\n		              	<div class="radio">\r\n							<label><input name="trip_type" value="One-way" required="" type="radio">One-way</label>\r\n						</div>\r\n						<div class="radio">\r\n						  	<label><input name="trip_type" value="Round Trip" required="" type="radio">Round Trip</label>\r\n						</div>\r\n		              	<div class="form-group">\r\n							<label for="inputReturn">Return Date</label>\r\n							<input name="return_date" class="form-control sd-date" id="return" required="" type="text">\r\n		              	</div>\r\n		              	<button class="btn btn-primary" type="submit">Book Now!</button>\r\n					</div>\r\n				</form>\r\n			</div>\r\n		</div>\r\n	</div>\r\n	         \r\n\r\n\r\n\r\n\r\n	</section>', 1, 1, 1, NULL),
(60, 'COO''S Message', 'coos-message', 'fullwidth.php', '', '<section class="ui-state-default section-appender">\r\n	<div class="container contentwithtitle">\r\n		<div class="row">\r\n		    <h1 class="text-only sd-content-title" id="mce_4">Section Title</h1>\r\n				<div class="col-md-12 col-sm-12 col-xs-12 sd-col-content">\r\n				  <div class="editable" id="mce_6"><p>Lorem Ipsum is simply dummy text of the printing and typesetting industry. Lorem Ipsum has been the industry''s standard dummy text ever since the 1500s, when an unknown printer took a galley of type and scrambled it to make a type specimen book. It has survived not only five centuries, but also the leap into electronic typesetting, remaining essentially unchanged. It was popularised in the 1960s with the release of Letraset sheets containing Lorem Ipsum passages, and more recently with desktop publishing software like Aldus PageMaker including versions of Lorem Ipsum.</p></div>\r\n				</div>		\r\n		</div>\r\n	</div>\r\n	         \r\n\r\n\r\n\r\n\r\n</section>', 1, 1, 1, NULL),
(61, 'COO''S Message', 'coos-message', 'fullwidth.php', '', '<section class="ui-state-default section-appender">\r\n	<div class="container contentwithtitle">\r\n		<div class="row">\r\n		    <h1 class="text-only sd-content-title" id="mce_5">Section Title</h1>\r\n				<div class="col-md-12 col-sm-12 col-xs-12 sd-col-content">\r\n				  <div class="editable" id="mce_6"><p>Lorem Ipsum is simply dummy text of the printing and typesetting industry. Lorem Ipsum has been the industry''s standard dummy text ever since the 1500s, when an unknown printer took a galley of type and scrambled it to make a type specimen book. It has survived not only five centuries, but also the leap into electronic typesetting, remaining essentially unchanged. It was popularised in the 1960s with the release of Letraset sheets containing Lorem Ipsum passages, and more recently with desktop publishing software like Aldus PageMaker including versions of Lorem Ipsum.</p></div>\r\n				</div>		\r\n		</div>\r\n	</div>\r\n	         \r\n\r\n\r\n\r\n\r\n</section>', 5, 1, 1, NULL);
INSERT INTO `sd_pages` (`id`, `page_title`, `page_url`, `template_name`, `meta_description`, `page_content`, `theme_id`, `type`, `status`, `clone`) VALUES
(62, 'home', 'home', 'frontpage.php', '', '<section class="section-appender section-banner">\r\n	<div class="container">\r\n		<div class="row">	\r\n			<div class="col-md-12">\r\n				<div id="banner" class="carousel slide" data-ride="carousel">\r\n					<!-- Indicators -->\r\n					<ol class="carousel-indicators">\r\n						<li data-target="#banner" data-slide-to="0" class="active"></li>\r\n						<li data-target="#banner" data-slide-to="1"></li>\r\n						<li data-target="#banner" data-slide-to="2"></li>\r\n					</ol>\r\n\r\n					<!-- Wrapper for slides -->\r\n					<div class="carousel-inner">\r\n						<div class="item sd-image-container active" style="background-image: url(''http://localhost/sprintdesign/sd-includes/themes/Estate1/img/banner1.jpg'');"><button class="galleryShow cropit"><i class="fa fa-image"></i></button>\r\n							<div class="carousel-caption">\r\n								<div class="banner-text">\r\n									<h1 class="text-only"><span>Beautiful</span> Places To Live</h1>\r\n								</div>\r\n							</div>\r\n						</div>\r\n\r\n						<div class="item sd-image-container" style="background-image: url(''http://localhost/sprintdesign/sd-includes/themes/Estate1/img/banner2.jpg'');"><button class="galleryShow cropit"><i class="fa fa-image"></i></button>\r\n							<div class="carousel-caption">\r\n								<div class="banner-text">\r\n									<h1 class="text-only">Helping You Find <span>Home</span></h1>\r\n								</div>\r\n							</div>\r\n						</div>\r\n\r\n						<div class="item sd-image-container" style="background-image: url(''http://localhost/sprintdesign/sd-includes/themes/Estate1/img/banner3.jpg'');"><button class="galleryShow cropit"><i class="fa fa-image"></i></button>\r\n							<div class="carousel-caption">\r\n								<div class="banner-text">\r\n									<h1 class="text-only">Your <span>Dream</span> Home Awaits</h1>\r\n								</div>\r\n							</div>\r\n						</div>\r\n\r\n					</div>\r\n				</div>\r\n			</div>\r\n		</div>\r\n	</div>\r\n	\r\n\r\n\r\n</section>\r\n<section class="section-appender">\r\n	<div class="welcome">\r\n		<div class="container">\r\n			<div class="row">\r\n				<div class="col-md-12">\r\n					<div class="text text-colored">\r\n						<h2 class="text-only">Welcome to</h2>\r\n						<h1 class="text-only">Company Name</h1>\r\n					</div>\r\n					<div class="content editable">\r\n						<p><span><img style="padding: 5px" align="left" src="http://localhost/sprintdesign/sd-includes/themes/Estate1/img/welcome-photo.jpg"></span>This is Photoshop''s version  of Lorem Ipsum. Proin gravida nibh vel velit auctor aliquet. Aenean sollicitudin, lorem quis bibendum auctor, nisi elit consequat ipsum, nec sagittis sem nibh id elit. Duis sed odio sit amet nibh vulputate cursus a sit amet mauris. Morbi accumsan ipsum velit. Nam nec tellus a odio tincidunt auctor a ornare odio. Sed non  mauris vitaae erat consequat auctor eu in elit.</p>\r\n\r\n						<p>Class aptent taciti sociosqu ad litora torquent per conubia nostra, per inceptos himenaeos. Mauris in erat justo. Nullam ac urna eu felis dapibus condimentum sit amet a augue. Sed non neque elit. Sed ut imperdiet nisi. Proin condimentum fermentum nunc. Etiam pharetra, erat sed</p>\r\n\r\n						<p>This is Photoshop''s version  of Lorem Ipsum. Proin gravida nibh vel velit auctor aliquet. Aenean sollicitudin, lorem quis bibendum auctor, nisi elit consequat ipsum, nec sagittis sem nibh id elit. Duis sed odio sit amet nibh vulputate cursus a sit amet mauris. Morbi accumsan ipsum velit. Nam nec tellus a odio tincidunt auctor a ornare odio. Sed non  mauris vitaae erat consequat auctor eu in elit.</p>\r\n					</div>\r\n					<div class="editable">\r\n						<ul class="list-inline text-center">\r\n							<li><a href="javascript:void(0);" class="btn btn-about btn-default">MORE ABOUT US</a></li>\r\n							<li><a href="javascript:void(0);" class="btn btn-contact btn-default">CONTACT US</a></li>\r\n						</ul>\r\n					</div>\r\n				</div>\r\n			</div>\r\n		</div>\r\n	</div>\r\n	\r\n\r\n\r\n</section>\r\n<section class="section-appender colored-gallery">\r\n	<div class="best-meals">\r\n		<div class="container">\r\n			<div class="row no-gutters">\r\n					<div class="text text-colored">\r\n						<h2 class="text-only">Have a look on our</h2>\r\n						<h1 class="text-only">Best Houses</h1>\r\n					</div>			\r\n				<div class="col-sm-4">\r\n					<div class="service-content cabinets" style="background-image: url(http://localhost/sprintdesign/sd-includes/themes/Estate1/img/photo1.jpg)">\r\n					  <button class="galleryShow"><i class="fa fa-image"></i></button>\r\n						<!-- <div class="services-text">\r\n							<h1>Cabinets</h1>\r\n						</div> -->\r\n					</div>\r\n				</div>\r\n				<div class="col-sm-4">\r\n					<div class="service-content outdoor-tables" style="background-image: url(http://localhost/sprintdesign/sd-includes/themes/Estate1/img/photo2.jpg)">\r\n					  <button class="galleryShow"><i class="fa fa-image"></i></button>\r\n						<!-- <div class="services-text">\r\n							<h1>Outdoor Tables</h1>\r\n						</div> -->\r\n					</div>\r\n				</div>\r\n				<div class="col-sm-4">\r\n					<div class="service-content table" style="background-image: url(http://localhost/sprintdesign/sd-includes/themes/Estate1/img/photo3.jpg)">\r\n					  <button class="galleryShow"><i class="fa fa-image"></i></button>\r\n						<!-- <div class="services-text">\r\n							<h1>Table</h1>\r\n						</div> -->\r\n					</div>\r\n				</div>\r\n				<div class="col-sm-4">\r\n					<div class="service-content diner" style="background-image: url(http://localhost/sprintdesign/sd-includes/themes/Estate1/img/photo4.jpg)">\r\n					  <button class="galleryShow"><i class="fa fa-image"></i></button>\r\n						<!-- <div class="services-text">\r\n							<h1>Diner</h1>\r\n						</div> -->\r\n					</div>\r\n				</div>\r\n				<div class="col-sm-4">\r\n					<div class="service-content chairs" style="background-image: url(http://localhost/sprintdesign/sd-includes/themes/Estate1/img/photo5.jpg)">\r\n					  <button class="galleryShow"><i class="fa fa-image"></i></button>\r\n						<!-- <div class="services-text">\r\n							<h1>Chairs</h1>\r\n						</div> -->\r\n					</div>\r\n				</div>\r\n				<div class="col-sm-4">\r\n					<div class="service-content decor" style="background-image: url(http://localhost/sprintdesign/sd-includes/themes/Estate1/img/photo6.jpg)">\r\n					  <button class="galleryShow"><i class="fa fa-image"></i></button>\r\n						<!-- <div class="services-text">\r\n							<h1>Decor</h1>\r\n						</div> -->\r\n					</div>\r\n				</div>\r\n			</div>\r\n		</div>\r\n	</div>\r\n	\r\n\r\n\r\n</section><section class="section-appender">\r\n	<div class="contact-form">\r\n		<div class="container">\r\n			<div class="row">\r\n				<div class="col-md-12">\r\n					<div class="text">\r\n						<h2>Let''s hear from you</h2>\r\n						<h1>Drop Us a line</h1>\r\n					</div>\r\n				</div>\r\n			</div>\r\n			<div class="box">\r\n				<form class="sd-form" method="post" sd-form-title="Contact Form" data-toggle="validator">\r\n				<div class="row">\r\n					<div class="col-md-6 col-xs-12 col-sm-6">\r\n						<div class="one-line">\r\n							<div class="form-group">\r\n								<label>First Name *</label>\r\n								<input type="text" class="form-control one-line" placeholder="John" id="fname" name="firstname" required>\r\n							</div>\r\n							<div class="form-group">\r\n								<label>Last Name *</label>\r\n								<input type="text" class="form-control one-line " placeholder="Doe" id="lname" name="lastname" required>\r\n			              	</div>\r\n						</div>\r\n		              	<div class="form-group">\r\n							<label>Company *</label>\r\n							<input type="text" class="form-control" placeholder="Bob''s Donuts" id="company" name="company" required>\r\n		              	</div>\r\n		              	<div class="form-group">\r\n							<label>Phone Number *</label>\r\n							<input type="text" class="form-control" placeholder="555-865-2908" id="number" name="contact" required>\r\n		              	</div>\r\n					</div>\r\n					<div class="col-md-6 col-xs-12 col-sm-6">\r\n						<div class="form-group">\r\n							<label>Email address *</label>\r\n							<input type="email" class="form-control" placeholder="bob@email.com" id="eaddress" name="email" required>\r\n						</div>\r\n						<div class="form-group">\r\n							<label>Message *</label>\r\n							<textarea class="form-control" placeholder="Type your message here" id="message" name="message" required></textarea>\r\n						</div>\r\n					</div>\r\n					<div class="col-md-12 text-center">\r\n						<button class="btn btn-primary" type="submit">Send</button>\r\n					</div>\r\n				</div>\r\n				</form>\r\n			</div>\r\n		</div>\r\n	</div>\r\n	\r\n\r\n\r\n</section>', 8, 1, 1, NULL),
(63, 'about us', 'about-us', 'fullwidth.php', '', '\r\n<section class="section-appender">\r\n	<div class="welcome">\r\n		<div class="container">\r\n			<div class="row">\r\n				<div class="col-md-12">\r\n					<div class="text text-colored">\r\n						<h2 class="text-only">Welcome to</h2>\r\n						<h1 class="text-only">Company Name</h1>\r\n					</div>\r\n					<div class="content editable">\r\n						<p><span><img style="padding: 5px" align="left" src="http://localhost/sprintdesign/sd-includes/themes/Estate1/img/welcome-photo.jpg"></span>This is Photoshop''s version  of Lorem Ipsum. Proin gravida nibh vel velit auctor aliquet. Aenean sollicitudin, lorem quis bibendum auctor, nisi elit consequat ipsum, nec sagittis sem nibh id elit. Duis sed odio sit amet nibh vulputate cursus a sit amet mauris. Morbi accumsan ipsum velit. Nam nec tellus a odio tincidunt auctor a ornare odio. Sed non  mauris vitaae erat consequat auctor eu in elit.</p>\r\n\r\n						<p>Class aptent taciti sociosqu ad litora torquent per conubia nostra, per inceptos himenaeos. Mauris in erat justo. Nullam ac urna eu felis dapibus condimentum sit amet a augue. Sed non neque elit. Sed ut imperdiet nisi. Proin condimentum fermentum nunc. Etiam pharetra, erat sed</p>\r\n\r\n						<p>This is Photoshop''s version  of Lorem Ipsum. Proin gravida nibh vel velit auctor aliquet. Aenean sollicitudin, lorem quis bibendum auctor, nisi elit consequat ipsum, nec sagittis sem nibh id elit. Duis sed odio sit amet nibh vulputate cursus a sit amet mauris. Morbi accumsan ipsum velit. Nam nec tellus a odio tincidunt auctor a ornare odio. Sed non  mauris vitaae erat consequat auctor eu in elit.</p>\r\n					</div>\r\n					<div class="editable">\r\n						<ul class="list-inline text-center">\r\n							<li><a href="javascript:void(0);" class="btn btn-about btn-default">MORE ABOUT US</a></li>\r\n							<li><a href="javascript:void(0);" class="btn btn-contact btn-default">CONTACT US</a></li>\r\n						</ul>\r\n					</div>\r\n				</div>\r\n			</div>\r\n		</div>\r\n	</div>\r\n	\r\n\r\n\r\n</section>', 8, 1, 1, NULL),
(64, 'house & lot', 'house-&-lot', 'fullwidth.php', '', '\r\n<section class="section-appender">\r\n	<div class="welcome">\r\n		<div class="container">\r\n			<div class="row">\r\n				<div class="col-md-12">\r\n					<div class="text text-colored">\r\n						<h2 class="text-only">Welcome to</h2>\r\n						<h1 class="text-only">Company Name</h1>\r\n					</div>\r\n					<div class="content editable">\r\n						<p><span><img style="padding: 5px" align="left" src="http://localhost/sprintdesign/sd-includes/themes/Estate1/img/welcome-photo.jpg"></span>This is Photoshop''s version  of Lorem Ipsum. Proin gravida nibh vel velit auctor aliquet. Aenean sollicitudin, lorem quis bibendum auctor, nisi elit consequat ipsum, nec sagittis sem nibh id elit. Duis sed odio sit amet nibh vulputate cursus a sit amet mauris. Morbi accumsan ipsum velit. Nam nec tellus a odio tincidunt auctor a ornare odio. Sed non  mauris vitaae erat consequat auctor eu in elit.</p>\r\n\r\n						<p>Class aptent taciti sociosqu ad litora torquent per conubia nostra, per inceptos himenaeos. Mauris in erat justo. Nullam ac urna eu felis dapibus condimentum sit amet a augue. Sed non neque elit. Sed ut imperdiet nisi. Proin condimentum fermentum nunc. Etiam pharetra, erat sed</p>\r\n\r\n						<p>This is Photoshop''s version  of Lorem Ipsum. Proin gravida nibh vel velit auctor aliquet. Aenean sollicitudin, lorem quis bibendum auctor, nisi elit consequat ipsum, nec sagittis sem nibh id elit. Duis sed odio sit amet nibh vulputate cursus a sit amet mauris. Morbi accumsan ipsum velit. Nam nec tellus a odio tincidunt auctor a ornare odio. Sed non  mauris vitaae erat consequat auctor eu in elit.</p>\r\n					</div>\r\n					<div class="editable">\r\n						<ul class="list-inline text-center">\r\n							<li><a href="javascript:void(0);" class="btn btn-about btn-default">MORE ABOUT US</a></li>\r\n							<li><a href="javascript:void(0);" class="btn btn-contact btn-default">CONTACT US</a></li>\r\n						</ul>\r\n					</div>\r\n				</div>\r\n			</div>\r\n		</div>\r\n	</div>\r\n	\r\n\r\n\r\n</section>', 8, 1, 1, NULL),
(65, 'contact us', 'contact-us', 'fullwidth.php', '', '\r\n<section class="section-appender">\r\n	<div class="welcome">\r\n		<div class="container">\r\n			<div class="row">\r\n				<div class="col-md-12">\r\n					<div class="text text-colored">\r\n						<h2 class="text-only">Welcome to</h2>\r\n						<h1 class="text-only">Company Name</h1>\r\n					</div>\r\n					<div class="content editable">\r\n						<p><span><img style="padding: 5px" align="left" src="http://localhost/sprintdesign/sd-includes/themes/Estate1/img/welcome-photo.jpg"></span>This is Photoshop''s version  of Lorem Ipsum. Proin gravida nibh vel velit auctor aliquet. Aenean sollicitudin, lorem quis bibendum auctor, nisi elit consequat ipsum, nec sagittis sem nibh id elit. Duis sed odio sit amet nibh vulputate cursus a sit amet mauris. Morbi accumsan ipsum velit. Nam nec tellus a odio tincidunt auctor a ornare odio. Sed non  mauris vitaae erat consequat auctor eu in elit.</p>\r\n\r\n						<p>Class aptent taciti sociosqu ad litora torquent per conubia nostra, per inceptos himenaeos. Mauris in erat justo. Nullam ac urna eu felis dapibus condimentum sit amet a augue. Sed non neque elit. Sed ut imperdiet nisi. Proin condimentum fermentum nunc. Etiam pharetra, erat sed</p>\r\n\r\n						<p>This is Photoshop''s version  of Lorem Ipsum. Proin gravida nibh vel velit auctor aliquet. Aenean sollicitudin, lorem quis bibendum auctor, nisi elit consequat ipsum, nec sagittis sem nibh id elit. Duis sed odio sit amet nibh vulputate cursus a sit amet mauris. Morbi accumsan ipsum velit. Nam nec tellus a odio tincidunt auctor a ornare odio. Sed non  mauris vitaae erat consequat auctor eu in elit.</p>\r\n					</div>\r\n					<div class="editable">\r\n						<ul class="list-inline text-center">\r\n							<li><a href="javascript:void(0);" class="btn btn-about btn-default">MORE ABOUT US</a></li>\r\n							<li><a href="javascript:void(0);" class="btn btn-contact btn-default">CONTACT US</a></li>\r\n						</ul>\r\n					</div>\r\n				</div>\r\n			</div>\r\n		</div>\r\n	</div>\r\n	\r\n\r\n\r\n</section>', 8, 1, 1, NULL),
(66, 'COO''s Message', 'coos-message', 'fullwidth.php', '', '<section class="ui-state-default section-appender">\r\n	<div class="container contentwithtitle">\r\n		<div class="row">\r\n		    <h1 class="text-only sd-content-title" id="mce_5">Section Title</h1>\r\n				<div class="col-md-12 col-sm-12 col-xs-12 sd-col-content">\r\n				  <div class="editable" id="mce_6"><p>Lorem Ipsum is simply dummy text of the printing and typesetting industry. Lorem Ipsum has been the industry''s standard dummy text ever since the 1500s, when an unknown printer took a galley of type and scrambled it to make a type specimen book. It has survived not only five centuries, but also the leap into electronic typesetting, remaining essentially unchanged. It was popularised in the 1960s with the release of Letraset sheets containing Lorem Ipsum passages, and more recently with desktop publishing software like Aldus PageMaker including versions of Lorem Ipsum. test<br></p></div>\r\n				</div>		\r\n		</div>\r\n	</div>\r\n	         \r\n\r\n\r\n\r\n\r\n</section>', 8, 1, 1, NULL),
(67, 'Product''s', 'products', 'fullwidth.php', '', '<section class="section-appender">\r\n	<div class="welcome">\r\n		<div class="container">\r\n			<div class="row">\r\n				<div class="col-md-12">\r\n					<div class="text text-colored">\r\n						<h2 class="text-only" id="mce_5">Welcome to</h2>\r\n						<h1 class="text-only" id="mce_6">Company Name</h1>\r\n					</div>\r\n					<div class="content editable" id="mce_7"><p><img style="padding: 5px;" src="http://localhost/sprintdesign/sd-includes/themes/Estate1/img/welcome-photo.jpg" data-mce-src="sd-includes/themes/Estate1/img/welcome-photo.jpg" data-mce-style="padding: 5px;" align="left">This is Photoshop''s version of Lorem Ipsum. Proin gravida nibh vel velit auctor aliquet. Aenean sollicitudin, lorem quis bibendum auctor, nisi elit consequat ipsum, nec sagittis sem nibh id elit. Duis sed odio sit amet nibh vulputate cursus a sit amet mauris. Morbi accumsan ipsum velit. Nam nec tellus a odio tincidunt auctor a ornare odio. Sed non mauris vitaae erat consequat auctor eu in elit.</p><p>Class aptent taciti sociosqu ad litora torquent per conubia nostra, per inceptos himenaeos. Mauris in erat justo. Nullam ac urna eu felis dapibus condimentum sit amet a augue. Sed non neque elit. Sed ut imperdiet nisi. Proin condimentum fermentum nunc. Etiam pharetra, erat sed</p><p>This is Photoshop''s version of Lorem Ipsum. Proin gravida nibh vel velit auctor aliquet. Aenean sollicitudin, lorem quis bibendum auctor, nisi elit consequat ipsum, nec sagittis sem nibh id elit. Duis sed odio sit amet nibh vulputate cursus a sit amet mauris. Morbi accumsan ipsum velit. Nam nec tellus a odio tincidunt auctor a ornare odio. Sed non mauris vitaae erat consequat auctor eu in elit.</p></div>\r\n					<div class="editable" id="mce_24"><ul class="list-inline text-center"><li><a class="btn btn-about btn-default">MORE ABOUT US</a><br data-mce-bogus="1"></li><li><a class="btn btn-contact btn-default">CONTACT US</a><br data-mce-bogus="1"></li></ul></div>\r\n				</div>\r\n			</div>\r\n		</div>\r\n	</div>\r\n	         \r\n\r\n\r\n\r\n\r\n</section>', 8, 1, 1, NULL),
(68, 'home', 'home', 'frontpage.php', '', '<section class="section-appender section-banner">\n	<div class="container">\n		<div class="row">	\n			<div class="col-md-12">\n				<div id="banner" class="carousel slide" data-ride="carousel">\n					<!-- Indicators -->\n					<ol class="carousel-indicators">\n						<li data-target="#banner" data-slide-to="0"></li>\n						<li data-target="#banner" data-slide-to="1" class="active"></li>\n						<li data-target="#banner" data-slide-to="2"></li>\n					</ol>\n\n					<!-- Wrapper for slides -->\n					<div class="carousel-inner">\n						<div class="item sd-image-container" style="background-image: url(''http://localhost/sprintdesign/sd-includes/themes/Store1/img/banner1.jpg'');"><button class="galleryShow cropit"><i class="fa fa-image"></i></button>\n							<div class="carousel-caption">\n								<div class="banner-text">\n									<h1 class="text-only">On-trend <span>Fashion </span> at the Best Value</h1>\n								</div>\n							</div>\n						</div>\n\n						<div class="item sd-image-container active" style="background-image: url(''http://localhost/sprintdesign/sd-includes/themes/Store1/img/banner2.jpg'');"><button class="galleryShow cropit"><i class="fa fa-image"></i></button>\n							<div class="carousel-caption">\n								<div class="banner-text">\n									<h1 class="text-only">On-trend <span>Fashion </span> at the Best Value</h1>\n								</div>\n							</div>\n						</div>\n\n						<div class="item sd-image-container" style="background-image: url(''http://localhost/sprintdesign/sd-includes/themes/Store1/img/banner3.jpg'');"><button class="galleryShow cropit"><i class="fa fa-image"></i></button>\n							<div class="carousel-caption">\n								<div class="banner-text">\n									<h1 class="text-only">On-trend <span>Fashion </span> at the Best Value</h1>\n								</div>\n							</div>\n						</div>\n\n					</div>\n				</div>\n			</div>\n		</div>\n	</div>\n	\r\n\r\n\r\n</section><section class="section-appender">\n	<div class="welcome">\n		<div class="container">\n			<div class="row">\n				<div class="col-md-12">\n					<div class="text text-colored">\n						<h2 class="text-only">Welcome to</h2>\n						<h1 class="text-only">Company Name</h1>\n					</div>\n					<div class="content editable">\n						<p><span><img style="padding: 5px" align="left" src="http://localhost/sprintdesign/sd-includes/themes/Store1/img/dreamstime.png"></span>This is Photoshop''s version  of Lorem Ipsum. Proin gravida nibh vel velit auctor aliquet. Aenean sollicitudin, lorem quis bibendum auctor, nisi elit consequat ipsum, nec sagittis sem nibh id elit. Duis sed odio sit amet nibh vulputate cursus a sit amet mauris. Morbi accumsan ipsum velit. Nam nec tellus a odio tincidunt auctor a ornare odio. Sed non  mauris vitaae erat consequat auctor eu in elit.</p>\n\n						<p>Class aptent taciti sociosqu ad litora torquent per conubia nostra, per inceptos himenaeos. Mauris in erat justo. Nullam ac urna eu felis dapibus condimentum sit amet a augue. Sed non neque elit. Sed ut imperdiet nisi. Proin condimentum fermentum nunc. Etiam pharetra, erat sed</p>\n\n						<p>This is Photoshop''s version  of Lorem Ipsum. Proin gravida nibh vel velit auctor aliquet. Aenean sollicitudin, lorem quis bibendum auctor, nisi elit consequat ipsum, nec sagittis sem nibh id elit. Duis sed odio sit amet nibh vulputate cursus a sit amet mauris. Morbi accumsan ipsum velit. Nam nec tellus a odio tincidunt auctor a ornare odio. Sed non  mauris vitaae erat consequat auctor eu in elit.</p>\n					</div>\n					<div class="editable">\n						<ul class="list-inline text-center">\n							<li><a href="javascript:void(0);" class="btn btn-about btn-default">MORE ABOUT US</a></li>\n							<li><a href="javascript:void(0);" class="btn btn-contact btn-default">CONTACT US</a></li>\n						</ul>\n					</div>\n				</div>\n			</div>\n		</div>\n	</div>\n	\r\n\r\n\r\n</section><section class="section-appender colored-gallery">\n	<div class="best-meals">\n		<div class="container">\n			<div class="row no-gutters">\n					<div class="text text-colored" style="margin-bottom: 10px">\n						<h2 class="text-only">Have a look on our</h2>\n						<h1 class="text-only">Best Tasting Meals</h1>\n					</div>			\n				<div class="col-sm-4">\n					<div class="service-content cabinets" style="background-image: url(http://localhost/sprintdesign/sd-includes/themes/Store1/img/photo1.jpg)">\n					  <button class="galleryShow"><i class="fa fa-image"></i></button>\n						<!-- <div class="services-text">\n							<h1>Cabinets</h1>\n						</div> -->\n					</div>\n				</div>\n				<div class="col-sm-4">\n					<div class="service-content outdoor-tables" style="background-image: url(http://localhost/sprintdesign/sd-includes/themes/Store1/img/photo2.jpg)">\n					  <button class="galleryShow"><i class="fa fa-image"></i></button>\n						<!-- <div class="services-text">\n							<h1>Outdoor Tables</h1>\n						</div> -->\n					</div>\n				</div>\n				<div class="col-sm-4">\n					<div class="service-content table" style="background-image: url(http://localhost/sprintdesign/sd-includes/themes/Store1/img/photo3.jpg)">\n					  <button class="galleryShow"><i class="fa fa-image"></i></button>\n						<!-- <div class="services-text">\n							<h1>Table</h1>\n						</div> -->\n					</div>\n				</div>\n				<div class="col-sm-4">\n					<div class="service-content diner" style="background-image: url(http://localhost/sprintdesign/sd-includes/themes/Store1/img/photo4.jpg)">\n					  <button class="galleryShow"><i class="fa fa-image"></i></button>\n						<!-- <div class="services-text">\n							<h1>Diner</h1>\n						</div> -->\n					</div>\n				</div>\n				<div class="col-sm-4">\n					<div class="service-content chairs" style="background-image: url(http://localhost/sprintdesign/sd-includes/themes/Store1/img/photo5.jpg)">\n					  <button class="galleryShow"><i class="fa fa-image"></i></button>\n						<!-- <div class="services-text">\n							<h1>Chairs</h1>\n						</div> -->\n					</div>\n				</div>\n				<div class="col-sm-4">\n					<div class="service-content decor" style="background-image: url(http://localhost/sprintdesign/sd-includes/themes/Store1/img/photo6.jpg)">\n					  <button class="galleryShow"><i class="fa fa-image"></i></button>\n						<!-- <div class="services-text">\n							<h1>Decor</h1>\n						</div> -->\n					</div>\n				</div>\n			</div>\n		</div>\n	</div>\n	\r\n\r\n\r\n</section><section class="section-appender">\n	<div class="contact-form">\n		<div class="container">\n			<div class="row">\n				<div class="col-md-12">\n					<div class="text">\n						<h2>Let''s hear from you</h2>\n						<h1>Drop Us a line</h1>\n					</div>\n				</div>\n			</div>\n			<div class="box">\n				<form class="sd-form" method="post" sd-form-title="Contact Form" data-toggle="validator">\n				<div class="row">\n					<div class="col-md-6 col-xs-12 col-sm-6">\n						<div class="one-line">\n							<div class="form-group">\n								<label>First Name *</label>\n								<input type="text" class="form-control one-line" placeholder="John" id="fname" name="firstname" required>\n							</div>\n							<div class="form-group">\n								<label>Last Name *</label>\n								<input type="text" class="form-control one-line " placeholder="Doe" id="lname" name="lastname" required>\n			              	</div>\n						</div>\n		              	<div class="form-group">\n							<label>Company *</label>\n							<input type="text" class="form-control" placeholder="Bob''s Donuts" id="company" name="company" required>\n		              	</div>\n		              	<div class="form-group">\n							<label>Phone Number *</label>\n							<input type="text" class="form-control" placeholder="555-865-2908" id="number" name="contact" required>\n		              	</div>\n					</div>\n					<div class="col-md-6 col-xs-12 col-sm-6">\n						<div class="form-group">\n							<label>Email address *</label>\n							<input type="email" class="form-control" placeholder="bob@email.com" id="eaddress" name="email" required>\n						</div>\n						<div class="form-group">\n							<label>Message *</label>\n							<textarea class="form-control" placeholder="Type your message here" id="message" name="message" required></textarea>\n						</div>\n					</div>\n					<div class="col-md-12 text-center">\n						<button class="btn btn-primary" type="submit">Send</button>\n					</div>\n				</div>\n				</form>\n			</div>\n		</div>\n	</div>\n	\r\n\r\n\r\n</section>', 9, 1, 1, NULL),
(69, 'about us', 'about-us', 'fullwidth.php', '', '<section class="section-appender">\n	<div class="welcome">\n		<div class="container">\n			<div class="row">\n				<div class="col-md-12">\n					<div class="text text-colored">\n						<h2 class="text-only">Welcome to</h2>\n						<h1 class="text-only">Company Name</h1>\n					</div>\n					<div class="content editable">\n						<p><span><img style="padding: 5px" align="left" src="http://localhost/sprintdesign/sd-includes/themes/Store1/img/dreamstime.png"></span>This is Photoshop''s version  of Lorem Ipsum. Proin gravida nibh vel velit auctor aliquet. Aenean sollicitudin, lorem quis bibendum auctor, nisi elit consequat ipsum, nec sagittis sem nibh id elit. Duis sed odio sit amet nibh vulputate cursus a sit amet mauris. Morbi accumsan ipsum velit. Nam nec tellus a odio tincidunt auctor a ornare odio. Sed non  mauris vitaae erat consequat auctor eu in elit.</p>\n\n						<p>Class aptent taciti sociosqu ad litora torquent per conubia nostra, per inceptos himenaeos. Mauris in erat justo. Nullam ac urna eu felis dapibus condimentum sit amet a augue. Sed non neque elit. Sed ut imperdiet nisi. Proin condimentum fermentum nunc. Etiam pharetra, erat sed</p>\n\n						<p>This is Photoshop''s version  of Lorem Ipsum. Proin gravida nibh vel velit auctor aliquet. Aenean sollicitudin, lorem quis bibendum auctor, nisi elit consequat ipsum, nec sagittis sem nibh id elit. Duis sed odio sit amet nibh vulputate cursus a sit amet mauris. Morbi accumsan ipsum velit. Nam nec tellus a odio tincidunt auctor a ornare odio. Sed non  mauris vitaae erat consequat auctor eu in elit.</p>\n					</div>\n					<div class="editable">\n						<ul class="list-inline text-center">\n							<li><a href="javascript:void(0);" class="btn btn-about btn-default">MORE ABOUT US</a></li>\n							<li><a href="javascript:void(0);" class="btn btn-contact btn-default">CONTACT US</a></li>\n						</ul>\n					</div>\n				</div>\n			</div>\n		</div>\n	</div>\n	\r\n\r\n\r\n</section>', 9, 1, 1, NULL),
(70, 'products', 'products', 'fullwidth.php', '', '<section class="section-appender">\n	<div class="welcome">\n		<div class="container">\n			<div class="row">\n				<div class="col-md-12">\n					<div class="text text-colored">\n						<h2 class="text-only">Welcome to</h2>\n						<h1 class="text-only">Company Name</h1>\n					</div>\n					<div class="content editable">\n						<p><span><img style="padding: 5px" align="left" src="http://localhost/sprintdesign/sd-includes/themes/Store1/img/dreamstime.png"></span>This is Photoshop''s version  of Lorem Ipsum. Proin gravida nibh vel velit auctor aliquet. Aenean sollicitudin, lorem quis bibendum auctor, nisi elit consequat ipsum, nec sagittis sem nibh id elit. Duis sed odio sit amet nibh vulputate cursus a sit amet mauris. Morbi accumsan ipsum velit. Nam nec tellus a odio tincidunt auctor a ornare odio. Sed non  mauris vitaae erat consequat auctor eu in elit.</p>\n\n						<p>Class aptent taciti sociosqu ad litora torquent per conubia nostra, per inceptos himenaeos. Mauris in erat justo. Nullam ac urna eu felis dapibus condimentum sit amet a augue. Sed non neque elit. Sed ut imperdiet nisi. Proin condimentum fermentum nunc. Etiam pharetra, erat sed</p>\n\n						<p>This is Photoshop''s version  of Lorem Ipsum. Proin gravida nibh vel velit auctor aliquet. Aenean sollicitudin, lorem quis bibendum auctor, nisi elit consequat ipsum, nec sagittis sem nibh id elit. Duis sed odio sit amet nibh vulputate cursus a sit amet mauris. Morbi accumsan ipsum velit. Nam nec tellus a odio tincidunt auctor a ornare odio. Sed non  mauris vitaae erat consequat auctor eu in elit.</p>\n					</div>\n					<div class="editable">\n						<ul class="list-inline text-center">\n							<li><a href="javascript:void(0);" class="btn btn-about btn-default">MORE ABOUT US</a></li>\n							<li><a href="javascript:void(0);" class="btn btn-contact btn-default">CONTACT US</a></li>\n						</ul>\n					</div>\n				</div>\n			</div>\n		</div>\n	</div>\n	\r\n\r\n\r\n</section>', 9, 1, 1, NULL),
(71, 'contact us', 'contact-us', 'fullwidth.php', '', '<section class="section-appender">\n	<div class="welcome">\n		<div class="container">\n			<div class="row">\n				<div class="col-md-12">\n					<div class="text text-colored">\n						<h2 class="text-only">Welcome to</h2>\n						<h1 class="text-only">Company Name</h1>\n					</div>\n					<div class="content editable">\n						<p><span><img style="padding: 5px" align="left" src="http://localhost/sprintdesign/sd-includes/themes/Store1/img/dreamstime.png"></span>This is Photoshop''s version  of Lorem Ipsum. Proin gravida nibh vel velit auctor aliquet. Aenean sollicitudin, lorem quis bibendum auctor, nisi elit consequat ipsum, nec sagittis sem nibh id elit. Duis sed odio sit amet nibh vulputate cursus a sit amet mauris. Morbi accumsan ipsum velit. Nam nec tellus a odio tincidunt auctor a ornare odio. Sed non  mauris vitaae erat consequat auctor eu in elit.</p>\n\n						<p>Class aptent taciti sociosqu ad litora torquent per conubia nostra, per inceptos himenaeos. Mauris in erat justo. Nullam ac urna eu felis dapibus condimentum sit amet a augue. Sed non neque elit. Sed ut imperdiet nisi. Proin condimentum fermentum nunc. Etiam pharetra, erat sed</p>\n\n						<p>This is Photoshop''s version  of Lorem Ipsum. Proin gravida nibh vel velit auctor aliquet. Aenean sollicitudin, lorem quis bibendum auctor, nisi elit consequat ipsum, nec sagittis sem nibh id elit. Duis sed odio sit amet nibh vulputate cursus a sit amet mauris. Morbi accumsan ipsum velit. Nam nec tellus a odio tincidunt auctor a ornare odio. Sed non  mauris vitaae erat consequat auctor eu in elit.</p>\n					</div>\n					<div class="editable">\n						<ul class="list-inline text-center">\n							<li><a href="javascript:void(0);" class="btn btn-about btn-default">MORE ABOUT US</a></li>\n							<li><a href="javascript:void(0);" class="btn btn-contact btn-default">CONTACT US</a></li>\n						</ul>\n					</div>\n				</div>\n			</div>\n		</div>\n	</div>\n	\r\n\r\n\r\n</section>', 9, 1, 1, NULL);

-- --------------------------------------------------------

--
-- Table structure for table `sd_posts`
--

DROP TABLE IF EXISTS `sd_posts`;
CREATE TABLE IF NOT EXISTS `sd_posts` (
  `id` int(6) unsigned NOT NULL AUTO_INCREMENT,
  `name` varchar(30) COLLATE utf16_unicode_ci DEFAULT NULL,
  `post_type` varchar(30) COLLATE utf16_unicode_ci DEFAULT NULL,
  `post_content` varchar(50) COLLATE utf16_unicode_ci DEFAULT NULL,
  PRIMARY KEY (`id`)
) ENGINE=InnoDB DEFAULT CHARSET=utf16 COLLATE=utf16_unicode_ci AUTO_INCREMENT=1 ;

-- --------------------------------------------------------

--
-- Table structure for table `sd_site`
--

DROP TABLE IF EXISTS `sd_site`;
CREATE TABLE IF NOT EXISTS `sd_site` (
  `id` int(6) unsigned NOT NULL AUTO_INCREMENT,
  `name` varchar(30) COLLATE utf16_unicode_ci DEFAULT NULL,
  PRIMARY KEY (`id`)
) ENGINE=InnoDB  DEFAULT CHARSET=utf16 COLLATE=utf16_unicode_ci AUTO_INCREMENT=2 ;

--
-- Dumping data for table `sd_site`
--

INSERT INTO `sd_site` (`id`, `name`) VALUES
(1, 'sprintDesigns');

-- --------------------------------------------------------

--
-- Table structure for table `sd_slider`
--

DROP TABLE IF EXISTS `sd_slider`;
CREATE TABLE IF NOT EXISTS `sd_slider` (
  `id` int(6) unsigned NOT NULL AUTO_INCREMENT,
  `url` text COLLATE utf16_unicode_ci,
  `original_url` text COLLATE utf16_unicode_ci,
  `text_title` text COLLATE utf16_unicode_ci,
  `sub_title` text COLLATE utf16_unicode_ci,
  `opacity` varchar(45) COLLATE utf16_unicode_ci DEFAULT NULL,
  `button_title` varchar(45) COLLATE utf16_unicode_ci DEFAULT NULL,
  `button_url` varchar(45) COLLATE utf16_unicode_ci DEFAULT NULL,
  `theme_id` int(6) DEFAULT NULL,
  PRIMARY KEY (`id`)
) ENGINE=InnoDB  DEFAULT CHARSET=utf16 COLLATE=utf16_unicode_ci AUTO_INCREMENT=28 ;

--
-- Dumping data for table `sd_slider`
--

INSERT INTO `sd_slider` (`id`, `url`, `original_url`, `text_title`, `sub_title`, `opacity`, `button_title`, `button_url`, `theme_id`) VALUES
(1, 'http://localhost/sprintdesign/sd-includes/themes/Travel1/slider/s1.jpg', 'http://localhost/sprintdesign/sd-includes/themes/Travel1/slider/s1.jpg', 'image_1', 'image_1', '0', 'learn more', '#', 1),
(2, 'http://localhost/sprintdesign/sd-includes/themes/Travel1/slider/s2.jpg', 'http://localhost/sprintdesign/sd-includes/themes/Travel1/slider/s2.jpg', 'image_2', 'image_2', '0', 'learn more', '#', 1),
(3, 'http://localhost/sprintdesign/sd-includes/themes/Travel1/slider/s3.jpg', 'http://localhost/sprintdesign/sd-includes/themes/Travel1/slider/s3.jpg', 'image_3', 'image_3', '0', 'learn more', '#', 1),
(4, 'http://localhost/sprintdesign/sd-includes/themes/Travel13/slider/s1.jpg', 'http://localhost/sprintdesign/sd-includes/themes/Travel13/slider/s1.jpg', 'image_1', 'image_1', '0', 'learn more', '#', 2),
(5, 'http://localhost/sprintdesign/sd-includes/themes/Travel13/slider/s2.jpg', 'http://localhost/sprintdesign/sd-includes/themes/Travel13/slider/s2.jpg', 'image_2', 'image_2', '0', 'learn more', '#', 2),
(6, 'http://localhost/sprintdesign/sd-includes/themes/Travel13/slider/s3.jpg', 'http://localhost/sprintdesign/sd-includes/themes/Travel13/slider/s3.jpg', 'image_3', 'image_3', '0', 'learn more', '#', 2),
(7, 'http://localhost/sprintdesign/sd-includes/themes/Travel12/slider/s1.jpg', 'http://localhost/sprintdesign/sd-includes/themes/Travel12/slider/s1.jpg', 'image_1', 'image_1', '0', 'learn more', '#', 3),
(8, 'http://localhost/sprintdesign/sd-includes/themes/Travel12/slider/s2.jpg', 'http://localhost/sprintdesign/sd-includes/themes/Travel12/slider/s2.jpg', 'image_2', 'image_2', '0', 'learn more', '#', 3),
(9, 'http://localhost/sprintdesign/sd-includes/themes/Travel12/slider/s3.jpg', 'http://localhost/sprintdesign/sd-includes/themes/Travel12/slider/s3.jpg', 'image_3', 'image_3', '0', 'learn more', '#', 3),
(10, 'http://localhost/sprintdesign/sd-includes/themes/Travel8/slider/s1.jpg', 'http://localhost/sprintdesign/sd-includes/themes/Travel8/slider/s1.jpg', 'image_1', 'image_1', '0', 'learn more', '#', 4),
(11, 'http://localhost/sprintdesign/sd-includes/themes/Travel8/slider/s2.jpg', 'http://localhost/sprintdesign/sd-includes/themes/Travel8/slider/s2.jpg', 'image_2', 'image_2', '0', 'learn more', '#', 4),
(12, 'http://localhost/sprintdesign/sd-includes/themes/Travel8/slider/s3.jpg', 'http://localhost/sprintdesign/sd-includes/themes/Travel8/slider/s3.jpg', 'image_3', 'image_3', '0', 'learn more', '#', 4),
(13, 'http://localhost/sprintdesign/sd-includes/themes/Store4/img/banner1.jpg', 'http://localhost/sprintdesign/sd-includes/themes/Store4/img/banner1.jpg', 'image_1', 'image_1', '0', 'learn more', '#', 5),
(14, 'http://localhost/sprintdesign/sd-includes/themes/Store4/img/banner2.jpg', 'http://localhost/sprintdesign/sd-includes/themes/Store4/img/banner2.jpg', 'image_2', 'image_2', '0', 'learn more', '#', 5),
(15, 'http://localhost/sprintdesign/sd-includes/themes/Store4/img/banner3.jpg', 'http://localhost/sprintdesign/sd-includes/themes/Store4/img/banner3.jpg', 'image_3', 'image_3', '0', 'learn more', '#', 5),
(16, 'http://localhost/sprintdesign/sd-includes/themes/Travel11/slider/s1.jpg', 'http://localhost/sprintdesign/sd-includes/themes/Travel11/slider/s1.jpg', 'image_1', 'image_1', '0', 'learn more', '#', 6),
(17, 'http://localhost/sprintdesign/sd-includes/themes/Travel11/slider/s2.jpg', 'http://localhost/sprintdesign/sd-includes/themes/Travel11/slider/s2.jpg', 'image_2', 'image_2', '0', 'learn more', '#', 6),
(18, 'http://localhost/sprintdesign/sd-includes/themes/Travel11/slider/s3.jpg', 'http://localhost/sprintdesign/sd-includes/themes/Travel11/slider/s3.jpg', 'image_3', 'image_3', '0', 'learn more', '#', 6),
(19, 'http://localhost/sprintdesign/sd-includes/themes/Food8/img/banner1.jpg', 'http://localhost/sprintdesign/sd-includes/themes/Food8/img/banner1.jpg', 'image_1', 'image_1', '0', 'learn more', '#', 7),
(20, 'http://localhost/sprintdesign/sd-includes/themes/Food8/img/banner2.jpg', 'http://localhost/sprintdesign/sd-includes/themes/Food8/img/banner2.jpg', 'image_2', 'image_2', '0', 'learn more', '#', 7),
(21, 'http://localhost/sprintdesign/sd-includes/themes/Food8/img/banner3.jpg', 'http://localhost/sprintdesign/sd-includes/themes/Food8/img/banner3.jpg', 'image_3', 'image_3', '0', 'learn more', '#', 7),
(22, 'http://localhost/sprintdesign/sd-includes/themes/Estate1/img/banner1.jpg', 'http://localhost/sprintdesign/sd-includes/themes/Estate1/img/banner1.jpg', 'image_1', 'image_1', '0', 'learn more', '#', 8),
(23, 'http://localhost/sprintdesign/sd-includes/themes/Estate1/img/banner2.jpg', 'http://localhost/sprintdesign/sd-includes/themes/Estate1/img/banner2.jpg', 'image_2', 'image_2', '0', 'learn more', '#', 8),
(24, 'http://localhost/sprintdesign/sd-includes/themes/Estate1/img/banner3.jpg', 'http://localhost/sprintdesign/sd-includes/themes/Estate1/img/banner3.jpg', 'image_3', 'image_3', '0', 'learn more', '#', 8),
(25, 'http://localhost/sprintdesign/sd-includes/themes/Store1/img/banner1.jpg', 'http://localhost/sprintdesign/sd-includes/themes/Store1/img/banner1.jpg', 'image_1', 'image_1', '0', 'learn more', '#', 9),
(26, 'http://localhost/sprintdesign/sd-includes/themes/Store1/img/banner2.jpg', 'http://localhost/sprintdesign/sd-includes/themes/Store1/img/banner2.jpg', 'image_2', 'image_2', '0', 'learn more', '#', 9),
(27, 'http://localhost/sprintdesign/sd-includes/themes/Store1/img/banner3.jpg', 'http://localhost/sprintdesign/sd-includes/themes/Store1/img/banner3.jpg', 'image_3', 'image_3', '0', 'learn more', '#', 9);

-- --------------------------------------------------------

--
-- Table structure for table `sd_social`
--

DROP TABLE IF EXISTS `sd_social`;
CREATE TABLE IF NOT EXISTS `sd_social` (
  `id` int(6) unsigned NOT NULL AUTO_INCREMENT,
  `social` text COLLATE utf16_unicode_ci,
  `theme_id` int(6) DEFAULT NULL,
  PRIMARY KEY (`id`)
) ENGINE=InnoDB  DEFAULT CHARSET=utf16 COLLATE=utf16_unicode_ci AUTO_INCREMENT=10 ;

--
-- Dumping data for table `sd_social`
--

INSERT INTO `sd_social` (`id`, `social`, `theme_id`) VALUES
(1, '[["fa-facebook","#"],["fa-instagram","#"],["fa-pinterest","#"]]', 1),
(2, '[["fa-twitter","http://www.twitter.com"],["fa-youtube","#"]]', 2),
(3, '[]', 3),
(4, '[]', 4),
(5, '[]', 5),
(6, '[]', 6),
(7, '[]', 7),
(8, '[]', 8),
(9, '[]', 9);

-- --------------------------------------------------------

--
-- Table structure for table `sd_template`
--

DROP TABLE IF EXISTS `sd_template`;
CREATE TABLE IF NOT EXISTS `sd_template` (
  `id` int(6) unsigned NOT NULL AUTO_INCREMENT,
  `template_name` varchar(30) COLLATE utf16_unicode_ci DEFAULT NULL,
  `file` varchar(30) COLLATE utf16_unicode_ci DEFAULT NULL,
  `theme_id` int(6) DEFAULT NULL,
  PRIMARY KEY (`id`)
) ENGINE=InnoDB  DEFAULT CHARSET=utf16 COLLATE=utf16_unicode_ci AUTO_INCREMENT=19 ;

--
-- Dumping data for table `sd_template`
--

INSERT INTO `sd_template` (`id`, `template_name`, `file`, `theme_id`) VALUES
(1, 'frontpage', 'frontpage.php', 1),
(2, 'fullwidth', 'fullwidth.php', 1),
(3, 'frontpage', 'frontpage.php', 2),
(4, 'fullwidth', 'fullwidth.php', 2),
(5, 'frontpage', 'frontpage.php', 3),
(6, 'fullwidth', 'fullwidth.php', 3),
(7, 'frontpage', 'frontpage.php', 4),
(8, 'fullwidth', 'fullwidth.php', 4),
(9, 'frontpage', 'frontpage.php', 5),
(10, 'fullwidth', 'fullwidth.php', 5),
(11, 'frontpage', 'frontpage.php', 6),
(12, 'fullwidth', 'fullwidth.php', 6),
(13, 'frontpage', 'frontpage.php', 7),
(14, 'fullwidth', 'fullwidth.php', 7),
(15, 'frontpage', 'frontpage.php', 8),
(16, 'fullwidth', 'fullwidth.php', 8),
(17, 'frontpage', 'frontpage.php', 9),
(18, 'fullwidth', 'fullwidth.php', 9);

--
-- Constraints for dumped tables
--

--
-- Constraints for table `products`
--
ALTER TABLE `products`
  ADD CONSTRAINT `products_ibfk_1` FOREIGN KEY (`categoryid`) REFERENCES `categories` (`id`);

/*!40101 SET CHARACTER_SET_CLIENT=@OLD_CHARACTER_SET_CLIENT */;
/*!40101 SET CHARACTER_SET_RESULTS=@OLD_CHARACTER_SET_RESULTS */;
/*!40101 SET COLLATION_CONNECTION=@OLD_COLLATION_CONNECTION */;
